index,ok,filename,status,bytes,content_type,timestamp,attempt,error
1,yes,captchas_0001.jpg,200,1384,image/jpeg;charset=UTF-8,1780300581007,1,
2,yes,captchas_0002.jpg,200,1284,image/jpeg;charset=UTF-8,1780300581009,1,
3,yes,captchas_0003.jpg,200,1312,image/jpeg;charset=UTF-8,1780300581010,1,
4,yes,captchas_0004.jpg,200,1285,image/jpeg;charset=UTF-8,1780300581011,1,
5,yes,captchas_0005.jpg,200,1309,image/jpeg;charset=UTF-8,1780300581012,1,
6,yes,captchas_0006.jpg,200,1331,image/jpeg;charset=UTF-8,1780300581016,1,
7,yes,captchas_0007.jpg,200,1373,image/jpeg;charset=UTF-8,1780300581020,1,
8,yes,captchas_0008.jpg,200,1238,image/jpeg;charset=UTF-8,1780300581021,1,
9,yes,captchas_0009.jpg,200,1336,image/jpeg;charset=UTF-8,1780300581022,1,
10,yes,captchas_0010.jpg,200,1193,image/jpeg;charset=UTF-8,1780300581023,1,
11,yes,captchas_0011.jpg,200,1325,image/jpeg;charset=UTF-8,1780300581025,1,
12,yes,captchas_0012.jpg,200,1282,image/jpeg;charset=UTF-8,1780300581026,1,
13,yes,captchas_0013.jpg,200,1285,image/jpeg;charset=UTF-8,1780300581030,1,
14,yes,captchas_0014.jpg,200,1173,image/jpeg;charset=UTF-8,1780300581033,1,
15,yes,captchas_0015.jpg,200,1360,image/jpeg;charset=UTF-8,1780300581035,1,
16,yes,captchas_0016.jpg,200,1271,image/jpeg;charset=UTF-8,1780300581036,1,
17,yes,captchas_0017.jpg,200,1348,image/jpeg;charset=UTF-8,1780300581037,1,
18,yes,captchas_0018.jpg,200,1329,image/jpeg;charset=UTF-8,1780300581038,1,
19,yes,captchas_0019.jpg,200,1394,image/jpeg;charset=UTF-8,1780300581040,1,
20,yes,captchas_0020.jpg,200,1324,image/jpeg;charset=UTF-8,1780300581043,1,
21,yes,captchas_0021.jpg,200,1233,image/jpeg;charset=UTF-8,1780300581044,1,
22,yes,captchas_0022.jpg,200,1466,image/jpeg;charset=UTF-8,1780300581045,1,
23,yes,captchas_0023.jpg,200,1337,image/jpeg;charset=UTF-8,1780300581046,1,
24,yes,captchas_0024.jpg,200,1287,image/jpeg;charset=UTF-8,1780300581048,1,
25,yes,captchas_0025.jpg,200,1303,image/jpeg;charset=UTF-8,1780300581052,1,
26,yes,captchas_0026.jpg,200,1371,image/jpeg;charset=UTF-8,1780300581053,1,
27,yes,captchas_0027.jpg,200,1183,image/jpeg;charset=UTF-8,1780300581054,1,
28,yes,captchas_0028.jpg,200,1290,image/jpeg;charset=UTF-8,1780300581055,1,
29,yes,captchas_0029.jpg,200,1361,image/jpeg;charset=UTF-8,1780300581057,1,
30,yes,captchas_0030.jpg,200,1528,image/jpeg;charset=UTF-8,1780300581060,1,
31,yes,captchas_0031.jpg,200,1308,image/jpeg;charset=UTF-8,1780300581061,1,
32,yes,captchas_0032.jpg,200,1461,image/jpeg;charset=UTF-8,1780300581062,1,
33,yes,captchas_0033.jpg,200,1383,image/jpeg;charset=UTF-8,1780300581063,1,
34,yes,captchas_0034.jpg,200,1209,image/jpeg;charset=UTF-8,1780300581065,1,
35,yes,captchas_0035.jpg,200,1337,image/jpeg;charset=UTF-8,1780300581069,1,
36,yes,captchas_0036.jpg,200,1375,image/jpeg;charset=UTF-8,1780300581070,1,
37,yes,captchas_0037.jpg,200,1124,image/jpeg;charset=UTF-8,1780300581071,1,
38,yes,captchas_0038.jpg,200,1223,image/jpeg;charset=UTF-8,1780300581072,1,
39,yes,captchas_0039.jpg,200,1260,image/jpeg;charset=UTF-8,1780300581074,1,
40,yes,captchas_0040.jpg,200,1427,image/jpeg;charset=UTF-8,1780300581076,1,
41,yes,captchas_0041.jpg,200,1426,image/jpeg;charset=UTF-8,1780300581078,1,
42,yes,captchas_0042.jpg,200,1393,image/jpeg;charset=UTF-8,1780300581080,1,
43,yes,captchas_0043.jpg,200,1297,image/jpeg;charset=UTF-8,1780300581081,1,
44,yes,captchas_0044.jpg,200,1372,image/jpeg;charset=UTF-8,1780300581082,1,
45,yes,captchas_0045.jpg,200,1287,image/jpeg;charset=UTF-8,1780300581085,1,
46,yes,captchas_0046.jpg,200,1260,image/jpeg;charset=UTF-8,1780300581086,1,
47,yes,captchas_0047.jpg,200,1242,image/jpeg;charset=UTF-8,1780300581089,1,
48,yes,captchas_0048.jpg,200,1217,image/jpeg;charset=UTF-8,1780300581090,1,
49,yes,captchas_0049.jpg,200,1409,image/jpeg;charset=UTF-8,1780300581091,1,
50,yes,captchas_0050.jpg,200,1073,image/jpeg;charset=UTF-8,1780300581093,1,
51,yes,captchas_0051.jpg,200,1213,image/jpeg;charset=UTF-8,1780300581094,1,
52,yes,captchas_0052.jpg,200,1269,image/jpeg;charset=UTF-8,1780300581097,1,
53,yes,captchas_0053.jpg,200,1298,image/jpeg;charset=UTF-8,1780300581098,1,
54,yes,captchas_0054.jpg,200,1386,image/jpeg;charset=UTF-8,1780300581099,1,
55,yes,captchas_0055.jpg,200,1352,image/jpeg;charset=UTF-8,1780300581102,1,
56,yes,captchas_0056.jpg,200,1337,image/jpeg;charset=UTF-8,1780300581104,1,
57,yes,captchas_0057.jpg,200,1207,image/jpeg;charset=UTF-8,1780300581108,1,
58,yes,captchas_0058.jpg,200,1358,image/jpeg;charset=UTF-8,1780300581109,1,
59,yes,captchas_0059.jpg,200,1240,image/jpeg;charset=UTF-8,1780300581110,1,
60,yes,captchas_0060.jpg,200,1491,image/jpeg;charset=UTF-8,1780300581114,1,
61,yes,captchas_0061.jpg,200,1358,image/jpeg;charset=UTF-8,1780300581115,1,
62,yes,captchas_0062.jpg,200,1260,image/jpeg;charset=UTF-8,1780300581118,1,
63,yes,captchas_0063.jpg,200,1365,image/jpeg;charset=UTF-8,1780300581119,1,
64,yes,captchas_0064.jpg,200,1468,image/jpeg;charset=UTF-8,1780300581120,1,
65,yes,captchas_0065.jpg,200,1194,image/jpeg;charset=UTF-8,1780300581122,1,
66,yes,captchas_0066.jpg,200,1180,image/jpeg;charset=UTF-8,1780300581124,1,
67,yes,captchas_0067.jpg,200,1350,image/jpeg;charset=UTF-8,1780300581127,1,
68,yes,captchas_0068.jpg,200,1288,image/jpeg;charset=UTF-8,1780300581128,1,
69,yes,captchas_0069.jpg,200,1343,image/jpeg;charset=UTF-8,1780300581129,1,
70,yes,captchas_0070.jpg,200,1366,image/jpeg;charset=UTF-8,1780300581131,1,
71,yes,captchas_0071.jpg,200,1381,image/jpeg;charset=UTF-8,1780300581133,1,
72,yes,captchas_0072.jpg,200,1378,image/jpeg;charset=UTF-8,1780300581136,1,
73,yes,captchas_0073.jpg,200,1307,image/jpeg;charset=UTF-8,1780300581137,1,
74,yes,captchas_0074.jpg,200,1416,image/jpeg;charset=UTF-8,1780300581138,1,
75,yes,captchas_0075.jpg,200,1462,image/jpeg;charset=UTF-8,1780300581140,1,
76,yes,captchas_0076.jpg,200,1231,image/jpeg;charset=UTF-8,1780300581141,1,
77,yes,captchas_0077.jpg,200,1288,image/jpeg;charset=UTF-8,1780300581144,1,
78,yes,captchas_0078.jpg,200,1395,image/jpeg;charset=UTF-8,1780300581145,1,
79,yes,captchas_0079.jpg,200,1122,image/jpeg;charset=UTF-8,1780300581146,1,
80,yes,captchas_0080.jpg,200,1297,image/jpeg;charset=UTF-8,1780300581149,1,
81,yes,captchas_0081.jpg,200,1232,image/jpeg;charset=UTF-8,1780300581150,1,
82,yes,captchas_0082.jpg,200,1413,image/jpeg;charset=UTF-8,1780300581152,1,
83,yes,captchas_0083.jpg,200,1322,image/jpeg;charset=UTF-8,1780300581153,1,
84,yes,captchas_0084.jpg,200,1270,image/jpeg;charset=UTF-8,1780300581154,1,
85,yes,captchas_0085.jpg,200,1435,image/jpeg;charset=UTF-8,1780300581157,1,
86,yes,captchas_0086.jpg,200,1198,image/jpeg;charset=UTF-8,1780300581158,1,
87,yes,captchas_0087.jpg,200,1322,image/jpeg;charset=UTF-8,1780300581161,1,
88,yes,captchas_0088.jpg,200,1401,image/jpeg;charset=UTF-8,1780300581162,1,
89,yes,captchas_0089.jpg,200,1277,image/jpeg;charset=UTF-8,1780300581163,1,
90,yes,captchas_0090.jpg,200,1319,image/jpeg;charset=UTF-8,1780300581165,1,
91,yes,captchas_0091.jpg,200,1342,image/jpeg;charset=UTF-8,1780300581166,1,
92,yes,captchas_0092.jpg,200,1369,image/jpeg;charset=UTF-8,1780300581170,1,
93,yes,captchas_0093.jpg,200,1178,image/jpeg;charset=UTF-8,1780300581171,1,
94,yes,captchas_0094.jpg,200,1257,image/jpeg;charset=UTF-8,1780300581172,1,
95,yes,captchas_0095.jpg,200,1351,image/jpeg;charset=UTF-8,1780300581175,1,
96,yes,captchas_0096.jpg,200,1270,image/jpeg;charset=UTF-8,1780300581176,1,
97,yes,captchas_0097.jpg,200,1321,image/jpeg;charset=UTF-8,1780300581179,1,
98,yes,captchas_0098.jpg,200,1394,image/jpeg;charset=UTF-8,1780300581180,1,
99,yes,captchas_0099.jpg,200,1373,image/jpeg;charset=UTF-8,1780300581181,1,
100,yes,captchas_0100.jpg,200,1230,image/jpeg;charset=UTF-8,1780300581183,1,
101,yes,captchas_0101.jpg,200,1252,image/jpeg;charset=UTF-8,1780300581184,1,
102,yes,captchas_0102.jpg,200,1291,image/jpeg;charset=UTF-8,1780300581187,1,
103,yes,captchas_0103.jpg,200,1386,image/jpeg;charset=UTF-8,1780300581188,1,
104,yes,captchas_0104.jpg,200,1165,image/jpeg;charset=UTF-8,1780300581189,1,
105,yes,captchas_0105.jpg,200,1424,image/jpeg;charset=UTF-8,1780300581192,1,
106,yes,captchas_0106.jpg,200,1348,image/jpeg;charset=UTF-8,1780300581193,1,
107,yes,captchas_0107.jpg,200,1259,image/jpeg;charset=UTF-8,1780300581196,1,
108,yes,captchas_0108.jpg,200,1302,image/jpeg;charset=UTF-8,1780300581197,1,
109,yes,captchas_0109.jpg,200,1416,image/jpeg;charset=UTF-8,1780300581198,1,
110,yes,captchas_0110.jpg,200,1348,image/jpeg;charset=UTF-8,1780300581200,1,
111,yes,captchas_0111.jpg,200,1293,image/jpeg;charset=UTF-8,1780300581201,1,
112,yes,captchas_0112.jpg,200,1415,image/jpeg;charset=UTF-8,1780300581205,1,
113,yes,captchas_0113.jpg,200,1448,image/jpeg;charset=UTF-8,1780300581206,1,
114,yes,captchas_0114.jpg,200,1260,image/jpeg;charset=UTF-8,1780300581207,1,
115,yes,captchas_0115.jpg,200,1345,image/jpeg;charset=UTF-8,1780300581209,1,
116,yes,captchas_0116.jpg,200,1233,image/jpeg;charset=UTF-8,1780300581210,1,
117,yes,captchas_0117.jpg,200,1256,image/jpeg;charset=UTF-8,1780300581213,1,
118,yes,captchas_0118.jpg,200,1288,image/jpeg;charset=UTF-8,1780300581214,1,
119,yes,captchas_0119.jpg,200,1358,image/jpeg;charset=UTF-8,1780300581215,1,
120,yes,captchas_0120.jpg,200,1261,image/jpeg;charset=UTF-8,1780300581217,1,
121,yes,captchas_0121.jpg,200,1268,image/jpeg;charset=UTF-8,1780300581218,1,
122,yes,captchas_0122.jpg,200,1343,image/jpeg;charset=UTF-8,1780300581221,1,
123,yes,captchas_0123.jpg,200,1330,image/jpeg;charset=UTF-8,1780300581222,1,
124,yes,captchas_0124.jpg,200,1220,image/jpeg;charset=UTF-8,1780300581223,1,
125,yes,captchas_0125.jpg,200,1268,image/jpeg;charset=UTF-8,1780300581226,1,
126,yes,captchas_0126.jpg,200,1423,image/jpeg;charset=UTF-8,1780300581227,1,
127,yes,captchas_0127.jpg,200,1304,image/jpeg;charset=UTF-8,1780300581230,1,
128,yes,captchas_0128.jpg,200,1289,image/jpeg;charset=UTF-8,1780300581231,1,
129,yes,captchas_0129.jpg,200,1343,image/jpeg;charset=UTF-8,1780300581232,1,
130,yes,captchas_0130.jpg,200,1351,image/jpeg;charset=UTF-8,1780300581234,1,
131,yes,captchas_0131.jpg,200,1273,image/jpeg;charset=UTF-8,1780300581235,1,
132,yes,captchas_0132.jpg,200,1330,image/jpeg;charset=UTF-8,1780300581238,1,
133,yes,captchas_0133.jpg,200,1278,image/jpeg;charset=UTF-8,1780300581239,1,
134,yes,captchas_0134.jpg,200,1254,image/jpeg;charset=UTF-8,1780300581240,1,
135,yes,captchas_0135.jpg,200,1306,image/jpeg;charset=UTF-8,1780300581243,1,
136,yes,captchas_0136.jpg,200,1231,image/jpeg;charset=UTF-8,1780300581244,1,
137,yes,captchas_0137.jpg,200,1327,image/jpeg;charset=UTF-8,1780300581247,1,
138,yes,captchas_0138.jpg,200,1304,image/jpeg;charset=UTF-8,1780300581248,1,
139,yes,captchas_0139.jpg,200,1260,image/jpeg;charset=UTF-8,1780300581249,1,
140,yes,captchas_0140.jpg,200,1230,image/jpeg;charset=UTF-8,1780300581251,1,
141,yes,captchas_0141.jpg,200,1255,image/jpeg;charset=UTF-8,1780300581252,1,
142,yes,captchas_0142.jpg,200,1342,image/jpeg;charset=UTF-8,1780300581255,1,
143,yes,captchas_0143.jpg,200,1218,image/jpeg;charset=UTF-8,1780300581256,1,
144,yes,captchas_0144.jpg,200,1270,image/jpeg;charset=UTF-8,1780300581257,1,
145,yes,captchas_0145.jpg,200,1298,image/jpeg;charset=UTF-8,1780300581259,1,
146,yes,captchas_0146.jpg,200,1248,image/jpeg;charset=UTF-8,1780300581261,1,
147,yes,captchas_0147.jpg,200,1119,image/jpeg;charset=UTF-8,1780300581263,1,
148,yes,captchas_0148.jpg,200,1213,image/jpeg;charset=UTF-8,1780300581264,1,
149,yes,captchas_0149.jpg,200,1416,image/jpeg;charset=UTF-8,1780300581265,1,
150,yes,captchas_0150.jpg,200,1352,image/jpeg;charset=UTF-8,1780300581268,1,
151,yes,captchas_0151.jpg,200,1294,image/jpeg;charset=UTF-8,1780300581269,1,
152,yes,captchas_0152.jpg,200,1242,image/jpeg;charset=UTF-8,1780300581272,1,
153,yes,captchas_0153.jpg,200,1405,image/jpeg;charset=UTF-8,1780300581273,1,
154,yes,captchas_0154.jpg,200,1175,image/jpeg;charset=UTF-8,1780300581274,1,
155,yes,captchas_0155.jpg,200,1216,image/jpeg;charset=UTF-8,1780300581277,1,
156,yes,captchas_0156.jpg,200,1315,image/jpeg;charset=UTF-8,1780300581278,1,
157,yes,captchas_0157.jpg,200,1352,image/jpeg;charset=UTF-8,1780300581282,1,
158,yes,captchas_0158.jpg,200,1314,image/jpeg;charset=UTF-8,1780300581283,1,
159,yes,captchas_0159.jpg,200,1295,image/jpeg;charset=UTF-8,1780300581284,1,
160,yes,captchas_0160.jpg,200,1320,image/jpeg;charset=UTF-8,1780300581287,1,
161,yes,captchas_0161.jpg,200,1417,image/jpeg;charset=UTF-8,1780300581288,1,
162,yes,captchas_0162.jpg,200,1110,image/jpeg;charset=UTF-8,1780300581291,1,
163,yes,captchas_0163.jpg,200,1322,image/jpeg;charset=UTF-8,1780300581292,1,
164,yes,captchas_0164.jpg,200,1223,image/jpeg;charset=UTF-8,1780300581293,1,
165,yes,captchas_0165.jpg,200,1429,image/jpeg;charset=UTF-8,1780300581295,1,
166,yes,captchas_0166.jpg,200,1378,image/jpeg;charset=UTF-8,1780300581297,1,
167,yes,captchas_0167.jpg,200,1248,image/jpeg;charset=UTF-8,1780300581301,1,
168,yes,captchas_0168.jpg,200,1210,image/jpeg;charset=UTF-8,1780300581302,1,
169,yes,captchas_0169.jpg,200,1188,image/jpeg;charset=UTF-8,1780300581303,1,
170,yes,captchas_0170.jpg,200,1314,image/jpeg;charset=UTF-8,1780300581305,1,
171,yes,captchas_0171.jpg,200,1295,image/jpeg;charset=UTF-8,1780300581307,1,
172,yes,captchas_0172.jpg,200,1326,image/jpeg;charset=UTF-8,1780300581310,1,
173,yes,captchas_0173.jpg,200,1371,image/jpeg;charset=UTF-8,1780300581311,1,
174,yes,captchas_0174.jpg,200,1354,image/jpeg;charset=UTF-8,1780300581312,1,
175,yes,captchas_0175.jpg,200,1294,image/jpeg;charset=UTF-8,1780300581314,1,
176,yes,captchas_0176.jpg,200,1364,image/jpeg;charset=UTF-8,1780300581315,1,
177,yes,captchas_0177.jpg,200,1254,image/jpeg;charset=UTF-8,1780300581318,1,
178,yes,captchas_0178.jpg,200,1355,image/jpeg;charset=UTF-8,1780300581319,1,
179,yes,captchas_0179.jpg,200,1379,image/jpeg;charset=UTF-8,1780300581321,1,
180,yes,captchas_0180.jpg,200,1304,image/jpeg;charset=UTF-8,1780300581323,1,
181,yes,captchas_0181.jpg,200,1162,image/jpeg;charset=UTF-8,1780300581324,1,
182,yes,captchas_0182.jpg,200,1227,image/jpeg;charset=UTF-8,1780300581327,1,
183,yes,captchas_0183.jpg,200,1380,image/jpeg;charset=UTF-8,1780300581328,1,
184,yes,captchas_0184.jpg,200,1223,image/jpeg;charset=UTF-8,1780300581329,1,
185,yes,captchas_0185.jpg,200,1189,image/jpeg;charset=UTF-8,1780300581331,1,
186,yes,captchas_0186.jpg,200,1370,image/jpeg;charset=UTF-8,1780300581332,1,
187,yes,captchas_0187.jpg,200,1169,image/jpeg;charset=UTF-8,1780300581335,1,
188,yes,captchas_0188.jpg,200,1219,image/jpeg;charset=UTF-8,1780300581336,1,
189,yes,captchas_0189.jpg,200,1151,image/jpeg;charset=UTF-8,1780300581337,1,
190,yes,captchas_0190.jpg,200,1256,image/jpeg;charset=UTF-8,1780300581340,1,
191,yes,captchas_0191.jpg,200,1345,image/jpeg;charset=UTF-8,1780300581341,1,
192,yes,captchas_0192.jpg,200,1365,image/jpeg;charset=UTF-8,1780300581344,1,
193,yes,captchas_0193.jpg,200,1316,image/jpeg;charset=UTF-8,1780300581345,1,
194,yes,captchas_0194.jpg,200,1283,image/jpeg;charset=UTF-8,1780300581346,1,
195,yes,captchas_0195.jpg,200,1250,image/jpeg;charset=UTF-8,1780300581348,1,
196,yes,captchas_0196.jpg,200,1358,image/jpeg;charset=UTF-8,1780300581350,1,
197,yes,captchas_0197.jpg,200,1354,image/jpeg;charset=UTF-8,1780300581352,1,
198,yes,captchas_0198.jpg,200,1358,image/jpeg;charset=UTF-8,1780300581353,1,
199,yes,captchas_0199.jpg,200,1287,image/jpeg;charset=UTF-8,1780300581354,1,
200,yes,captchas_0200.jpg,200,1210,image/jpeg;charset=UTF-8,1780300581357,1,
201,yes,captchas_0201.jpg,200,1354,image/jpeg;charset=UTF-8,1780300581358,1,
202,yes,captchas_0202.jpg,200,1444,image/jpeg;charset=UTF-8,1780300581361,1,
203,yes,captchas_0203.jpg,200,1267,image/jpeg;charset=UTF-8,1780300581362,1,
204,yes,captchas_0204.jpg,200,1136,image/jpeg;charset=UTF-8,1780300581363,1,
205,yes,captchas_0205.jpg,200,1177,image/jpeg;charset=UTF-8,1780300581366,1,
206,yes,captchas_0206.jpg,200,1321,image/jpeg;charset=UTF-8,1780300581367,1,
207,yes,captchas_0207.jpg,200,1437,image/jpeg;charset=UTF-8,1780300581371,1,
208,yes,captchas_0208.jpg,200,1214,image/jpeg;charset=UTF-8,1780300581372,1,
209,yes,captchas_0209.jpg,200,1182,image/jpeg;charset=UTF-8,1780300581374,1,
210,yes,captchas_0210.jpg,200,1093,image/jpeg;charset=UTF-8,1780300581376,1,
211,yes,captchas_0211.jpg,200,1423,image/jpeg;charset=UTF-8,1780300581377,1,
212,yes,captchas_0212.jpg,200,1339,image/jpeg;charset=UTF-8,1780300581380,1,
213,yes,captchas_0213.jpg,200,1438,image/jpeg;charset=UTF-8,1780300581381,1,
214,yes,captchas_0214.jpg,200,1349,image/jpeg;charset=UTF-8,1780300581382,1,
215,yes,captchas_0215.jpg,200,1247,image/jpeg;charset=UTF-8,1780300581385,1,
216,yes,captchas_0216.jpg,200,1216,image/jpeg;charset=UTF-8,1780300581386,1,
217,yes,captchas_0217.jpg,200,1235,image/jpeg;charset=UTF-8,1780300581388,1,
218,yes,captchas_0218.jpg,200,1181,image/jpeg;charset=UTF-8,1780300581390,1,
219,yes,captchas_0219.jpg,200,1062,image/jpeg;charset=UTF-8,1780300581391,1,
220,yes,captchas_0220.jpg,200,1382,image/jpeg;charset=UTF-8,1780300581393,1,
221,yes,captchas_0221.jpg,200,1290,image/jpeg;charset=UTF-8,1780300581394,1,
222,yes,captchas_0222.jpg,200,1171,image/jpeg;charset=UTF-8,1780300581397,1,
223,yes,captchas_0223.jpg,200,1243,image/jpeg;charset=UTF-8,1780300581398,1,
224,yes,captchas_0224.jpg,200,1344,image/jpeg;charset=UTF-8,1780300581399,1,
225,yes,captchas_0225.jpg,200,1300,image/jpeg;charset=UTF-8,1780300581402,1,
226,yes,captchas_0226.jpg,200,1337,image/jpeg;charset=UTF-8,1780300581403,1,
227,yes,captchas_0227.jpg,200,1385,image/jpeg;charset=UTF-8,1780300581406,1,
228,yes,captchas_0228.jpg,200,1189,image/jpeg;charset=UTF-8,1780300581407,1,
229,yes,captchas_0229.jpg,200,1289,image/jpeg;charset=UTF-8,1780300581408,1,
230,yes,captchas_0230.jpg,200,1224,image/jpeg;charset=UTF-8,1780300581410,1,
231,yes,captchas_0231.jpg,200,1353,image/jpeg;charset=UTF-8,1780300581411,1,
232,yes,captchas_0232.jpg,200,1447,image/jpeg;charset=UTF-8,1780300581414,1,
233,yes,captchas_0233.jpg,200,1264,image/jpeg;charset=UTF-8,1780300581415,1,
234,yes,captchas_0234.jpg,200,1308,image/jpeg;charset=UTF-8,1780300581416,1,
235,yes,captchas_0235.jpg,200,1416,image/jpeg;charset=UTF-8,1780300581419,1,
236,yes,captchas_0236.jpg,200,1368,image/jpeg;charset=UTF-8,1780300581420,1,
237,yes,captchas_0237.jpg,200,1467,image/jpeg;charset=UTF-8,1780300581422,1,
238,yes,captchas_0238.jpg,200,1167,image/jpeg;charset=UTF-8,1780300581423,1,
239,yes,captchas_0239.jpg,200,1429,image/jpeg;charset=UTF-8,1780300581425,1,
240,yes,captchas_0240.jpg,200,1300,image/jpeg;charset=UTF-8,1780300581427,1,
241,yes,captchas_0241.jpg,200,1434,image/jpeg;charset=UTF-8,1780300581429,1,
242,yes,captchas_0242.jpg,200,1308,image/jpeg;charset=UTF-8,1780300581431,1,
243,yes,captchas_0243.jpg,200,1234,image/jpeg;charset=UTF-8,1780300581432,1,
244,yes,captchas_0244.jpg,200,1314,image/jpeg;charset=UTF-8,1780300581434,1,
245,yes,captchas_0245.jpg,200,1532,image/jpeg;charset=UTF-8,1780300581436,1,
246,yes,captchas_0246.jpg,200,1328,image/jpeg;charset=UTF-8,1780300581437,1,
247,yes,captchas_0247.jpg,200,1263,image/jpeg;charset=UTF-8,1780300581440,1,
248,yes,captchas_0248.jpg,200,1291,image/jpeg;charset=UTF-8,1780300581441,1,
249,yes,captchas_0249.jpg,200,1276,image/jpeg;charset=UTF-8,1780300581442,1,
250,yes,captchas_0250.jpg,200,1301,image/jpeg;charset=UTF-8,1780300581445,1,
251,yes,captchas_0251.jpg,200,1241,image/jpeg;charset=UTF-8,1780300581446,1,
252,yes,captchas_0252.jpg,200,1253,image/jpeg;charset=UTF-8,1780300581449,1,
253,yes,captchas_0253.jpg,200,1225,image/jpeg;charset=UTF-8,1780300581450,1,
254,yes,captchas_0254.jpg,200,1279,image/jpeg;charset=UTF-8,1780300581451,1,
255,yes,captchas_0255.jpg,200,1376,image/jpeg;charset=UTF-8,1780300581453,1,
256,yes,captchas_0256.jpg,200,1254,image/jpeg;charset=UTF-8,1780300581454,1,
257,yes,captchas_0257.jpg,200,1130,image/jpeg;charset=UTF-8,1780300581457,1,
258,yes,captchas_0258.jpg,200,1355,image/jpeg;charset=UTF-8,1780300581459,1,
259,yes,captchas_0259.jpg,200,1296,image/jpeg;charset=UTF-8,1780300581460,1,
260,yes,captchas_0260.jpg,200,1301,image/jpeg;charset=UTF-8,1780300581462,1,
261,yes,captchas_0261.jpg,200,1241,image/jpeg;charset=UTF-8,1780300581463,1,
262,yes,captchas_0262.jpg,200,1192,image/jpeg;charset=UTF-8,1780300581466,1,
263,yes,captchas_0263.jpg,200,1306,image/jpeg;charset=UTF-8,1780300581467,1,
264,yes,captchas_0264.jpg,200,1299,image/jpeg;charset=UTF-8,1780300581468,1,
265,yes,captchas_0265.jpg,200,1118,image/jpeg;charset=UTF-8,1780300581470,1,
266,yes,captchas_0266.jpg,200,1316,image/jpeg;charset=UTF-8,1780300581471,1,
267,yes,captchas_0267.jpg,200,1284,image/jpeg;charset=UTF-8,1780300581474,1,
268,yes,captchas_0268.jpg,200,1193,image/jpeg;charset=UTF-8,1780300581475,1,
269,yes,captchas_0269.jpg,200,1277,image/jpeg;charset=UTF-8,1780300581476,1,
270,yes,captchas_0270.jpg,200,1352,image/jpeg;charset=UTF-8,1780300581479,1,
271,yes,captchas_0271.jpg,200,1341,image/jpeg;charset=UTF-8,1780300581480,1,
272,yes,captchas_0272.jpg,200,1327,image/jpeg;charset=UTF-8,1780300581483,1,
273,yes,captchas_0273.jpg,200,1213,image/jpeg;charset=UTF-8,1780300581484,1,
274,yes,captchas_0274.jpg,200,1288,image/jpeg;charset=UTF-8,1780300581485,1,
275,yes,captchas_0275.jpg,200,1286,image/jpeg;charset=UTF-8,1780300581488,1,
276,yes,captchas_0276.jpg,200,1201,image/jpeg;charset=UTF-8,1780300581489,1,
277,yes,captchas_0277.jpg,200,1338,image/jpeg;charset=UTF-8,1780300581492,1,
278,yes,captchas_0278.jpg,200,1332,image/jpeg;charset=UTF-8,1780300581493,1,
279,yes,captchas_0279.jpg,200,1378,image/jpeg;charset=UTF-8,1780300581494,1,
280,yes,captchas_0280.jpg,200,1370,image/jpeg;charset=UTF-8,1780300581496,1,
281,yes,captchas_0281.jpg,200,1371,image/jpeg;charset=UTF-8,1780300581497,1,
282,yes,captchas_0282.jpg,200,1288,image/jpeg;charset=UTF-8,1780300581501,1,
283,yes,captchas_0283.jpg,200,1370,image/jpeg;charset=UTF-8,1780300581502,1,
284,yes,captchas_0284.jpg,200,1365,image/jpeg;charset=UTF-8,1780300581503,1,
285,yes,captchas_0285.jpg,200,1199,image/jpeg;charset=UTF-8,1780300581505,1,
286,yes,captchas_0286.jpg,200,1272,image/jpeg;charset=UTF-8,1780300581507,1,
287,yes,captchas_0287.jpg,200,1315,image/jpeg;charset=UTF-8,1780300581510,1,
288,yes,captchas_0288.jpg,200,1312,image/jpeg;charset=UTF-8,1780300581511,1,
289,yes,captchas_0289.jpg,200,1232,image/jpeg;charset=UTF-8,1780300581512,1,
290,yes,captchas_0290.jpg,200,1186,image/jpeg;charset=UTF-8,1780300581515,1,
291,yes,captchas_0291.jpg,200,1507,image/jpeg;charset=UTF-8,1780300581516,1,
292,yes,captchas_0292.jpg,200,1426,image/jpeg;charset=UTF-8,1780300581519,1,
293,yes,captchas_0293.jpg,200,1349,image/jpeg;charset=UTF-8,1780300581520,1,
294,yes,captchas_0294.jpg,200,1349,image/jpeg;charset=UTF-8,1780300581521,1,
295,yes,captchas_0295.jpg,200,1363,image/jpeg;charset=UTF-8,1780300581523,1,
296,yes,captchas_0296.jpg,200,1306,image/jpeg;charset=UTF-8,1780300581524,1,
297,yes,captchas_0297.jpg,200,1488,image/jpeg;charset=UTF-8,1780300581527,1,
298,yes,captchas_0298.jpg,200,1223,image/jpeg;charset=UTF-8,1780300581529,1,
299,yes,captchas_0299.jpg,200,1252,image/jpeg;charset=UTF-8,1780300581530,1,
300,yes,captchas_0300.jpg,200,1232,image/jpeg;charset=UTF-8,1780300581533,1,
301,yes,captchas_0301.jpg,200,1258,image/jpeg;charset=UTF-8,1780300581534,1,
302,yes,captchas_0302.jpg,200,1273,image/jpeg;charset=UTF-8,1780300581537,1,
303,yes,captchas_0303.jpg,200,1377,image/jpeg;charset=UTF-8,1780300581538,1,
304,yes,captchas_0304.jpg,200,1331,image/jpeg;charset=UTF-8,1780300581539,1,
305,yes,captchas_0305.jpg,200,1357,image/jpeg;charset=UTF-8,1780300581542,1,
306,yes,captchas_0306.jpg,200,1291,image/jpeg;charset=UTF-8,1780300581543,1,
307,yes,captchas_0307.jpg,200,1441,image/jpeg;charset=UTF-8,1780300581546,1,
308,yes,captchas_0308.jpg,200,1271,image/jpeg;charset=UTF-8,1780300581547,1,
309,yes,captchas_0309.jpg,200,1353,image/jpeg;charset=UTF-8,1780300581548,1,
310,yes,captchas_0310.jpg,200,1314,image/jpeg;charset=UTF-8,1780300581551,1,
311,yes,captchas_0311.jpg,200,1365,image/jpeg;charset=UTF-8,1780300581552,1,
312,yes,captchas_0312.jpg,200,1289,image/jpeg;charset=UTF-8,1780300581556,1,
313,yes,captchas_0313.jpg,200,1324,image/jpeg;charset=UTF-8,1780300581557,1,
314,yes,captchas_0314.jpg,200,1265,image/jpeg;charset=UTF-8,1780300581558,1,
315,yes,captchas_0315.jpg,200,1182,image/jpeg;charset=UTF-8,1780300581560,1,
316,yes,captchas_0316.jpg,200,1367,image/jpeg;charset=UTF-8,1780300581561,1,
317,yes,captchas_0317.jpg,200,1536,image/jpeg;charset=UTF-8,1780300581564,1,
318,yes,captchas_0318.jpg,200,1168,image/jpeg;charset=UTF-8,1780300581566,1,
319,yes,captchas_0319.jpg,200,1262,image/jpeg;charset=UTF-8,1780300581567,1,
320,yes,captchas_0320.jpg,200,1304,image/jpeg;charset=UTF-8,1780300581569,1,
321,yes,captchas_0321.jpg,200,1230,image/jpeg;charset=UTF-8,1780300581570,1,
322,yes,captchas_0322.jpg,200,1265,image/jpeg;charset=UTF-8,1780300581574,1,
323,yes,captchas_0323.jpg,200,1512,image/jpeg;charset=UTF-8,1780300581575,1,
324,yes,captchas_0324.jpg,200,1529,image/jpeg;charset=UTF-8,1780300581576,1,
325,yes,captchas_0325.jpg,200,1467,image/jpeg;charset=UTF-8,1780300581579,1,
326,yes,captchas_0326.jpg,200,1407,image/jpeg;charset=UTF-8,1780300581580,1,
327,yes,captchas_0327.jpg,200,1385,image/jpeg;charset=UTF-8,1780300581583,1,
328,yes,captchas_0328.jpg,200,1181,image/jpeg;charset=UTF-8,1780300581584,1,
329,yes,captchas_0329.jpg,200,1284,image/jpeg;charset=UTF-8,1780300581585,1,
330,yes,captchas_0330.jpg,200,1217,image/jpeg;charset=UTF-8,1780300581587,1,
331,yes,captchas_0331.jpg,200,1056,image/jpeg;charset=UTF-8,1780300581588,1,
332,yes,captchas_0332.jpg,200,1226,image/jpeg;charset=UTF-8,1780300581591,1,
333,yes,captchas_0333.jpg,200,1352,image/jpeg;charset=UTF-8,1780300581592,1,
334,yes,captchas_0334.jpg,200,1188,image/jpeg;charset=UTF-8,1780300581593,1,
335,yes,captchas_0335.jpg,200,1330,image/jpeg;charset=UTF-8,1780300581596,1,
336,yes,captchas_0336.jpg,200,1275,image/jpeg;charset=UTF-8,1780300581597,1,
337,yes,captchas_0337.jpg,200,1367,image/jpeg;charset=UTF-8,1780300581599,1,
338,yes,captchas_0338.jpg,200,1407,image/jpeg;charset=UTF-8,1780300581601,1,
339,yes,captchas_0339.jpg,200,1336,image/jpeg;charset=UTF-8,1780300581602,1,
340,yes,captchas_0340.jpg,200,1312,image/jpeg;charset=UTF-8,1780300581604,1,
341,yes,captchas_0341.jpg,200,1367,image/jpeg;charset=UTF-8,1780300581605,1,
342,yes,captchas_0342.jpg,200,1256,image/jpeg;charset=UTF-8,1780300581608,1,
343,yes,captchas_0343.jpg,200,1273,image/jpeg;charset=UTF-8,1780300581609,1,
344,yes,captchas_0344.jpg,200,1336,image/jpeg;charset=UTF-8,1780300581610,1,
345,yes,captchas_0345.jpg,200,1316,image/jpeg;charset=UTF-8,1780300581612,1,
346,yes,captchas_0346.jpg,200,1271,image/jpeg;charset=UTF-8,1780300581613,1,
347,yes,captchas_0347.jpg,200,1300,image/jpeg;charset=UTF-8,1780300581616,1,
348,yes,captchas_0348.jpg,200,1348,image/jpeg;charset=UTF-8,1780300581617,1,
349,yes,captchas_0349.jpg,200,1318,image/jpeg;charset=UTF-8,1780300581618,1,
350,yes,captchas_0350.jpg,200,1296,image/jpeg;charset=UTF-8,1780300581621,1,
351,yes,captchas_0351.jpg,200,1377,image/jpeg;charset=UTF-8,1780300581622,1,
352,yes,captchas_0352.jpg,200,1300,image/jpeg;charset=UTF-8,1780300581625,1,
353,yes,captchas_0353.jpg,200,1397,image/jpeg;charset=UTF-8,1780300581626,1,
354,yes,captchas_0354.jpg,200,1377,image/jpeg;charset=UTF-8,1780300581627,1,
355,yes,captchas_0355.jpg,200,1227,image/jpeg;charset=UTF-8,1780300581630,1,
356,yes,captchas_0356.jpg,200,1245,image/jpeg;charset=UTF-8,1780300581631,1,
357,yes,captchas_0357.jpg,200,1358,image/jpeg;charset=UTF-8,1780300581634,1,
358,yes,captchas_0358.jpg,200,1354,image/jpeg;charset=UTF-8,1780300581635,1,
359,yes,captchas_0359.jpg,200,1439,image/jpeg;charset=UTF-8,1780300581636,1,
360,yes,captchas_0360.jpg,200,1409,image/jpeg;charset=UTF-8,1780300581639,1,
361,yes,captchas_0361.jpg,200,1447,image/jpeg;charset=UTF-8,1780300581640,1,
362,yes,captchas_0362.jpg,200,1254,image/jpeg;charset=UTF-8,1780300581643,1,
363,yes,captchas_0363.jpg,200,1338,image/jpeg;charset=UTF-8,1780300581644,1,
364,yes,captchas_0364.jpg,200,1414,image/jpeg;charset=UTF-8,1780300581645,1,
365,yes,captchas_0365.jpg,200,1394,image/jpeg;charset=UTF-8,1780300581647,1,
366,yes,captchas_0366.jpg,200,1397,image/jpeg;charset=UTF-8,1780300581649,1,
367,yes,captchas_0367.jpg,200,1352,image/jpeg;charset=UTF-8,1780300581652,1,
368,yes,captchas_0368.jpg,200,1221,image/jpeg;charset=UTF-8,1780300581653,1,
369,yes,captchas_0369.jpg,200,1284,image/jpeg;charset=UTF-8,1780300581654,1,
370,yes,captchas_0370.jpg,200,1342,image/jpeg;charset=UTF-8,1780300581656,1,
371,yes,captchas_0371.jpg,200,1314,image/jpeg;charset=UTF-8,1780300581657,1,
372,yes,captchas_0372.jpg,200,1293,image/jpeg;charset=UTF-8,1780300581660,1,
373,yes,captchas_0373.jpg,200,1510,image/jpeg;charset=UTF-8,1780300581661,1,
374,yes,captchas_0374.jpg,200,1338,image/jpeg;charset=UTF-8,1780300581662,1,
375,yes,captchas_0375.jpg,200,1140,image/jpeg;charset=UTF-8,1780300581665,1,
376,yes,captchas_0376.jpg,200,1193,image/jpeg;charset=UTF-8,1780300581666,1,
377,yes,captchas_0377.jpg,200,1236,image/jpeg;charset=UTF-8,1780300581668,1,
378,yes,captchas_0378.jpg,200,1402,image/jpeg;charset=UTF-8,1780300581670,1,
379,yes,captchas_0379.jpg,200,1188,image/jpeg;charset=UTF-8,1780300581671,1,
380,yes,captchas_0380.jpg,200,1259,image/jpeg;charset=UTF-8,1780300581674,1,
381,yes,captchas_0381.jpg,200,1294,image/jpeg;charset=UTF-8,1780300581675,1,
382,yes,captchas_0382.jpg,200,1254,image/jpeg;charset=UTF-8,1780300581678,1,
383,yes,captchas_0383.jpg,200,1458,image/jpeg;charset=UTF-8,1780300581679,1,
384,yes,captchas_0384.jpg,200,1159,image/jpeg;charset=UTF-8,1780300581680,1,
385,yes,captchas_0385.jpg,200,1304,image/jpeg;charset=UTF-8,1780300581682,1,
386,yes,captchas_0386.jpg,200,1266,image/jpeg;charset=UTF-8,1780300581684,1,
387,yes,captchas_0387.jpg,200,1253,image/jpeg;charset=UTF-8,1780300581686,1,
388,yes,captchas_0388.jpg,200,1241,image/jpeg;charset=UTF-8,1780300581687,1,
389,yes,captchas_0389.jpg,200,1381,image/jpeg;charset=UTF-8,1780300581688,1,
390,yes,captchas_0390.jpg,200,1185,image/jpeg;charset=UTF-8,1780300581691,1,
391,yes,captchas_0391.jpg,200,1293,image/jpeg;charset=UTF-8,1780300581692,1,
392,yes,captchas_0392.jpg,200,1329,image/jpeg;charset=UTF-8,1780300581695,1,
393,yes,captchas_0393.jpg,200,1188,image/jpeg;charset=UTF-8,1780300581696,1,
394,yes,captchas_0394.jpg,200,1363,image/jpeg;charset=UTF-8,1780300581697,1,
395,yes,captchas_0395.jpg,200,1394,image/jpeg;charset=UTF-8,1780300581700,1,
396,yes,captchas_0396.jpg,200,1274,image/jpeg;charset=UTF-8,1780300581701,1,
397,yes,captchas_0397.jpg,200,1229,image/jpeg;charset=UTF-8,1780300581704,1,
398,yes,captchas_0398.jpg,200,1364,image/jpeg;charset=UTF-8,1780300581705,1,
399,yes,captchas_0399.jpg,200,1306,image/jpeg;charset=UTF-8,1780300581706,1,
400,yes,captchas_0400.jpg,200,1359,image/jpeg;charset=UTF-8,1780300581708,1,
401,yes,captchas_0401.jpg,200,1313,image/jpeg;charset=UTF-8,1780300581709,1,
402,yes,captchas_0402.jpg,200,1293,image/jpeg;charset=UTF-8,1780300581712,1,
403,yes,captchas_0403.jpg,200,1306,image/jpeg;charset=UTF-8,1780300581713,1,
404,yes,captchas_0404.jpg,200,1419,image/jpeg;charset=UTF-8,1780300581714,1,
405,yes,captchas_0405.jpg,200,1322,image/jpeg;charset=UTF-8,1780300581717,1,
406,yes,captchas_0406.jpg,200,1322,image/jpeg;charset=UTF-8,1780300581718,1,
407,yes,captchas_0407.jpg,200,1197,image/jpeg;charset=UTF-8,1780300581720,1,
408,yes,captchas_0408.jpg,200,1181,image/jpeg;charset=UTF-8,1780300581721,1,
409,yes,captchas_0409.jpg,200,1299,image/jpeg;charset=UTF-8,1780300581722,1,
410,yes,captchas_0410.jpg,200,1225,image/jpeg;charset=UTF-8,1780300581725,1,
411,yes,captchas_0411.jpg,200,1328,image/jpeg;charset=UTF-8,1780300581726,1,
412,yes,captchas_0412.jpg,200,1324,image/jpeg;charset=UTF-8,1780300581729,1,
413,yes,captchas_0413.jpg,200,1306,image/jpeg;charset=UTF-8,1780300581730,1,
414,yes,captchas_0414.jpg,200,1200,image/jpeg;charset=UTF-8,1780300581731,1,
415,yes,captchas_0415.jpg,200,1338,image/jpeg;charset=UTF-8,1780300581733,1,
416,yes,captchas_0416.jpg,200,1279,image/jpeg;charset=UTF-8,1780300581734,1,
417,yes,captchas_0417.jpg,200,1259,image/jpeg;charset=UTF-8,1780300581737,1,
418,yes,captchas_0418.jpg,200,1133,image/jpeg;charset=UTF-8,1780300581738,1,
419,yes,captchas_0419.jpg,200,1366,image/jpeg;charset=UTF-8,1780300581739,1,
420,yes,captchas_0420.jpg,200,1262,image/jpeg;charset=UTF-8,1780300581742,1,
421,yes,captchas_0421.jpg,200,1222,image/jpeg;charset=UTF-8,1780300581743,1,
422,yes,captchas_0422.jpg,200,1336,image/jpeg;charset=UTF-8,1780300581745,1,
423,yes,captchas_0423.jpg,200,1418,image/jpeg;charset=UTF-8,1780300581747,1,
424,yes,captchas_0424.jpg,200,1331,image/jpeg;charset=UTF-8,1780300581748,1,
425,yes,captchas_0425.jpg,200,1345,image/jpeg;charset=UTF-8,1780300581750,1,
426,yes,captchas_0426.jpg,200,1228,image/jpeg;charset=UTF-8,1780300581751,1,
427,yes,captchas_0427.jpg,200,1301,image/jpeg;charset=UTF-8,1780300581754,1,
428,yes,captchas_0428.jpg,200,1432,image/jpeg;charset=UTF-8,1780300581756,1,
429,yes,captchas_0429.jpg,200,1353,image/jpeg;charset=UTF-8,1780300581757,1,
430,yes,captchas_0430.jpg,200,1295,image/jpeg;charset=UTF-8,1780300581759,1,
431,yes,captchas_0431.jpg,200,1283,image/jpeg;charset=UTF-8,1780300581760,1,
432,yes,captchas_0432.jpg,200,1394,image/jpeg;charset=UTF-8,1780300581764,1,
433,yes,captchas_0433.jpg,200,1324,image/jpeg;charset=UTF-8,1780300581765,1,
434,yes,captchas_0434.jpg,200,1315,image/jpeg;charset=UTF-8,1780300581766,1,
435,yes,captchas_0435.jpg,200,1399,image/jpeg;charset=UTF-8,1780300581768,1,
436,yes,captchas_0436.jpg,200,1272,image/jpeg;charset=UTF-8,1780300581769,1,
437,yes,captchas_0437.jpg,200,1252,image/jpeg;charset=UTF-8,1780300581773,1,
438,yes,captchas_0438.jpg,200,1226,image/jpeg;charset=UTF-8,1780300581774,1,
439,yes,captchas_0439.jpg,200,1265,image/jpeg;charset=UTF-8,1780300581775,1,
440,yes,captchas_0440.jpg,200,1356,image/jpeg;charset=UTF-8,1780300581778,1,
441,yes,captchas_0441.jpg,200,1264,image/jpeg;charset=UTF-8,1780300581779,1,
442,yes,captchas_0442.jpg,200,1479,image/jpeg;charset=UTF-8,1780300581782,1,
443,yes,captchas_0443.jpg,200,1297,image/jpeg;charset=UTF-8,1780300581783,1,
444,yes,captchas_0444.jpg,200,1446,image/jpeg;charset=UTF-8,1780300581784,1,
445,yes,captchas_0445.jpg,200,1363,image/jpeg;charset=UTF-8,1780300581787,1,
446,yes,captchas_0446.jpg,200,1249,image/jpeg;charset=UTF-8,1780300581788,1,
447,yes,captchas_0447.jpg,200,1368,image/jpeg;charset=UTF-8,1780300581791,1,
448,yes,captchas_0448.jpg,200,1344,image/jpeg;charset=UTF-8,1780300581792,1,
449,yes,captchas_0449.jpg,200,1177,image/jpeg;charset=UTF-8,1780300581793,1,
450,yes,captchas_0450.jpg,200,1321,image/jpeg;charset=UTF-8,1780300581796,1,
451,yes,captchas_0451.jpg,200,1174,image/jpeg;charset=UTF-8,1780300581798,1,
452,yes,captchas_0452.jpg,200,1387,image/jpeg;charset=UTF-8,1780300581801,1,
453,yes,captchas_0453.jpg,200,1277,image/jpeg;charset=UTF-8,1780300581802,1,
454,yes,captchas_0454.jpg,200,1292,image/jpeg;charset=UTF-8,1780300581803,1,
455,yes,captchas_0455.jpg,200,1250,image/jpeg;charset=UTF-8,1780300581805,1,
456,yes,captchas_0456.jpg,200,1277,image/jpeg;charset=UTF-8,1780300581806,1,
457,yes,captchas_0457.jpg,200,1321,image/jpeg;charset=UTF-8,1780300581809,1,
458,yes,captchas_0458.jpg,200,1372,image/jpeg;charset=UTF-8,1780300581810,1,
459,yes,captchas_0459.jpg,200,1267,image/jpeg;charset=UTF-8,1780300581811,1,
460,yes,captchas_0460.jpg,200,1275,image/jpeg;charset=UTF-8,1780300581814,1,
461,yes,captchas_0461.jpg,200,1383,image/jpeg;charset=UTF-8,1780300581815,1,
462,yes,captchas_0462.jpg,200,1273,image/jpeg;charset=UTF-8,1780300581818,1,
463,yes,captchas_0463.jpg,200,1209,image/jpeg;charset=UTF-8,1780300581819,1,
464,yes,captchas_0464.jpg,200,1471,image/jpeg;charset=UTF-8,1780300581820,1,
465,yes,captchas_0465.jpg,200,1412,image/jpeg;charset=UTF-8,1780300581822,1,
466,yes,captchas_0466.jpg,200,1401,image/jpeg;charset=UTF-8,1780300581823,1,
467,yes,captchas_0467.jpg,200,1256,image/jpeg;charset=UTF-8,1780300581826,1,
468,yes,captchas_0468.jpg,200,1185,image/jpeg;charset=UTF-8,1780300581827,1,
469,yes,captchas_0469.jpg,200,1221,image/jpeg;charset=UTF-8,1780300581828,1,
470,yes,captchas_0470.jpg,200,1249,image/jpeg;charset=UTF-8,1780300581831,1,
471,yes,captchas_0471.jpg,200,1244,image/jpeg;charset=UTF-8,1780300581832,1,
472,yes,captchas_0472.jpg,200,1356,image/jpeg;charset=UTF-8,1780300581834,1,
473,yes,captchas_0473.jpg,200,1272,image/jpeg;charset=UTF-8,1780300581836,1,
474,yes,captchas_0474.jpg,200,1248,image/jpeg;charset=UTF-8,1780300581837,1,
475,yes,captchas_0475.jpg,200,1197,image/jpeg;charset=UTF-8,1780300581839,1,
476,yes,captchas_0476.jpg,200,1320,image/jpeg;charset=UTF-8,1780300581840,1,
477,yes,captchas_0477.jpg,200,1290,image/jpeg;charset=UTF-8,1780300581843,1,
478,yes,captchas_0478.jpg,200,1359,image/jpeg;charset=UTF-8,1780300581844,1,
479,yes,captchas_0479.jpg,200,1244,image/jpeg;charset=UTF-8,1780300581845,1,
480,yes,captchas_0480.jpg,200,1387,image/jpeg;charset=UTF-8,1780300581848,1,
481,yes,captchas_0481.jpg,200,1299,image/jpeg;charset=UTF-8,1780300581849,1,
482,yes,captchas_0482.jpg,200,1199,image/jpeg;charset=UTF-8,1780300581851,1,
483,yes,captchas_0483.jpg,200,1182,image/jpeg;charset=UTF-8,1780300581852,1,
484,yes,captchas_0484.jpg,200,1186,image/jpeg;charset=UTF-8,1780300581853,1,
485,yes,captchas_0485.jpg,200,1270,image/jpeg;charset=UTF-8,1780300581856,1,
486,yes,captchas_0486.jpg,200,1311,image/jpeg;charset=UTF-8,1780300581857,1,
487,yes,captchas_0487.jpg,200,1387,image/jpeg;charset=UTF-8,1780300581860,1,
488,yes,captchas_0488.jpg,200,1259,image/jpeg;charset=UTF-8,1780300581861,1,
489,yes,captchas_0489.jpg,200,1357,image/jpeg;charset=UTF-8,1780300581862,1,
490,yes,captchas_0490.jpg,200,1339,image/jpeg;charset=UTF-8,1780300581864,1,
491,yes,captchas_0491.jpg,200,1372,image/jpeg;charset=UTF-8,1780300581865,1,
492,yes,captchas_0492.jpg,200,1223,image/jpeg;charset=UTF-8,1780300581868,1,
493,yes,captchas_0493.jpg,200,1238,image/jpeg;charset=UTF-8,1780300581869,1,
494,yes,captchas_0494.jpg,200,1383,image/jpeg;charset=UTF-8,1780300581870,1,
495,yes,captchas_0495.jpg,200,1291,image/jpeg;charset=UTF-8,1780300581873,1,
496,yes,captchas_0496.jpg,200,1304,image/jpeg;charset=UTF-8,1780300581874,1,
497,yes,captchas_0497.jpg,200,1260,image/jpeg;charset=UTF-8,1780300581876,1,
498,yes,captchas_0498.jpg,200,1267,image/jpeg;charset=UTF-8,1780300581877,1,
499,yes,captchas_0499.jpg,200,1350,image/jpeg;charset=UTF-8,1780300581879,1,
500,yes,captchas_0500.jpg,200,1403,image/jpeg;charset=UTF-8,1780300581881,1,
501,yes,captchas_0501.jpg,200,1258,image/jpeg;charset=UTF-8,1780300581882,1,
502,yes,captchas_0502.jpg,200,1312,image/jpeg;charset=UTF-8,1780300581885,1,
503,yes,captchas_0503.jpg,200,1208,image/jpeg;charset=UTF-8,1780300581886,1,
504,yes,captchas_0504.jpg,200,1363,image/jpeg;charset=UTF-8,1780300581887,1,
505,yes,captchas_0505.jpg,200,1326,image/jpeg;charset=UTF-8,1780300581890,1,
506,yes,captchas_0506.jpg,200,1269,image/jpeg;charset=UTF-8,1780300581891,1,
507,yes,captchas_0507.jpg,200,1293,image/jpeg;charset=UTF-8,1780300581894,1,
508,yes,captchas_0508.jpg,200,1349,image/jpeg;charset=UTF-8,1780300581895,1,
509,yes,captchas_0509.jpg,200,1288,image/jpeg;charset=UTF-8,1780300581896,1,
510,yes,captchas_0510.jpg,200,1218,image/jpeg;charset=UTF-8,1780300581899,1,
511,yes,captchas_0511.jpg,200,1420,image/jpeg;charset=UTF-8,1780300581900,1,
512,yes,captchas_0512.jpg,200,1271,image/jpeg;charset=UTF-8,1780300581903,1,
513,yes,captchas_0513.jpg,200,1330,image/jpeg;charset=UTF-8,1780300581904,1,
514,yes,captchas_0514.jpg,200,1326,image/jpeg;charset=UTF-8,1780300581905,1,
515,yes,captchas_0515.jpg,200,1257,image/jpeg;charset=UTF-8,1780300581907,1,
516,yes,captchas_0516.jpg,200,1351,image/jpeg;charset=UTF-8,1780300581908,1,
517,yes,captchas_0517.jpg,200,1277,image/jpeg;charset=UTF-8,1780300581911,1,
518,yes,captchas_0518.jpg,200,1293,image/jpeg;charset=UTF-8,1780300581912,1,
519,yes,captchas_0519.jpg,200,1416,image/jpeg;charset=UTF-8,1780300581913,1,
520,yes,captchas_0520.jpg,200,1410,image/jpeg;charset=UTF-8,1780300581916,1,
521,yes,captchas_0521.jpg,200,1205,image/jpeg;charset=UTF-8,1780300581917,1,
522,yes,captchas_0522.jpg,200,1281,image/jpeg;charset=UTF-8,1780300581920,1,
523,yes,captchas_0523.jpg,200,1268,image/jpeg;charset=UTF-8,1780300581921,1,
524,yes,captchas_0524.jpg,200,1477,image/jpeg;charset=UTF-8,1780300581922,1,
525,yes,captchas_0525.jpg,200,1335,image/jpeg;charset=UTF-8,1780300581924,1,
526,yes,captchas_0526.jpg,200,1310,image/jpeg;charset=UTF-8,1780300581925,1,
527,yes,captchas_0527.jpg,200,1321,image/jpeg;charset=UTF-8,1780300581928,1,
528,yes,captchas_0528.jpg,200,1315,image/jpeg;charset=UTF-8,1780300581929,1,
529,yes,captchas_0529.jpg,200,1297,image/jpeg;charset=UTF-8,1780300581930,1,
530,yes,captchas_0530.jpg,200,1276,image/jpeg;charset=UTF-8,1780300581933,1,
531,yes,captchas_0531.jpg,200,1240,image/jpeg;charset=UTF-8,1780300581934,1,
532,yes,captchas_0532.jpg,200,1446,image/jpeg;charset=UTF-8,1780300581937,1,
533,yes,captchas_0533.jpg,200,1230,image/jpeg;charset=UTF-8,1780300581938,1,
534,yes,captchas_0534.jpg,200,1356,image/jpeg;charset=UTF-8,1780300581939,1,
535,yes,captchas_0535.jpg,200,1260,image/jpeg;charset=UTF-8,1780300581943,1,
536,yes,captchas_0536.jpg,200,1261,image/jpeg;charset=UTF-8,1780300581944,1,
537,yes,captchas_0537.jpg,200,1299,image/jpeg;charset=UTF-8,1780300581947,1,
538,yes,captchas_0538.jpg,200,1405,image/jpeg;charset=UTF-8,1780300581948,1,
539,yes,captchas_0539.jpg,200,1259,image/jpeg;charset=UTF-8,1780300581950,1,
540,yes,captchas_0540.jpg,200,1384,image/jpeg;charset=UTF-8,1780300581953,1,
541,yes,captchas_0541.jpg,200,1339,image/jpeg;charset=UTF-8,1780300581954,1,
542,yes,captchas_0542.jpg,200,1428,image/jpeg;charset=UTF-8,1780300581957,1,
543,yes,captchas_0543.jpg,200,1278,image/jpeg;charset=UTF-8,1780300581958,1,
544,yes,captchas_0544.jpg,200,1380,image/jpeg;charset=UTF-8,1780300581959,1,
545,yes,captchas_0545.jpg,200,1421,image/jpeg;charset=UTF-8,1780300581961,1,
546,yes,captchas_0546.jpg,200,1266,image/jpeg;charset=UTF-8,1780300581962,1,
547,yes,captchas_0547.jpg,200,1290,image/jpeg;charset=UTF-8,1780300581965,1,
548,yes,captchas_0548.jpg,200,1223,image/jpeg;charset=UTF-8,1780300581966,1,
549,yes,captchas_0549.jpg,200,1204,image/jpeg;charset=UTF-8,1780300581967,1,
550,yes,captchas_0550.jpg,200,1299,image/jpeg;charset=UTF-8,1780300581970,1,
551,yes,captchas_0551.jpg,200,1356,image/jpeg;charset=UTF-8,1780300581971,1,
552,yes,captchas_0552.jpg,200,1365,image/jpeg;charset=UTF-8,1780300581974,1,
553,yes,captchas_0553.jpg,200,1260,image/jpeg;charset=UTF-8,1780300581975,1,
554,yes,captchas_0554.jpg,200,1302,image/jpeg;charset=UTF-8,1780300581976,1,
555,yes,captchas_0555.jpg,200,1411,image/jpeg;charset=UTF-8,1780300581979,1,
556,yes,captchas_0556.jpg,200,1178,image/jpeg;charset=UTF-8,1780300581980,1,
557,yes,captchas_0557.jpg,200,1309,image/jpeg;charset=UTF-8,1780300581983,1,
558,yes,captchas_0558.jpg,200,1304,image/jpeg;charset=UTF-8,1780300581984,1,
559,yes,captchas_0559.jpg,200,1308,image/jpeg;charset=UTF-8,1780300581985,1,
560,yes,captchas_0560.jpg,200,1322,image/jpeg;charset=UTF-8,1780300581987,1,
561,yes,captchas_0561.jpg,200,1259,image/jpeg;charset=UTF-8,1780300581988,1,
562,yes,captchas_0562.jpg,200,1166,image/jpeg;charset=UTF-8,1780300581991,1,
563,yes,captchas_0563.jpg,200,1360,image/jpeg;charset=UTF-8,1780300581992,1,
564,yes,captchas_0564.jpg,200,1388,image/jpeg;charset=UTF-8,1780300581993,1,
565,yes,captchas_0565.jpg,200,1146,image/jpeg;charset=UTF-8,1780300581996,1,
566,yes,captchas_0566.jpg,200,1307,image/jpeg;charset=UTF-8,1780300581997,1,
567,yes,captchas_0567.jpg,200,1430,image/jpeg;charset=UTF-8,1780300582000,1,
568,yes,captchas_0568.jpg,200,1414,image/jpeg;charset=UTF-8,1780300582001,1,
569,yes,captchas_0569.jpg,200,1375,image/jpeg;charset=UTF-8,1780300582002,1,
570,yes,captchas_0570.jpg,200,1259,image/jpeg;charset=UTF-8,1780300582005,1,
571,yes,captchas_0571.jpg,200,1235,image/jpeg;charset=UTF-8,1780300582006,1,
572,yes,captchas_0572.jpg,200,1275,image/jpeg;charset=UTF-8,1780300582008,1,
573,yes,captchas_0573.jpg,200,1423,image/jpeg;charset=UTF-8,1780300582010,1,
574,yes,captchas_0574.jpg,200,1294,image/jpeg;charset=UTF-8,1780300582011,1,
575,yes,captchas_0575.jpg,200,1269,image/jpeg;charset=UTF-8,1780300582013,1,
576,yes,captchas_0576.jpg,200,1329,image/jpeg;charset=UTF-8,1780300582014,1,
577,yes,captchas_0577.jpg,200,1362,image/jpeg;charset=UTF-8,1780300582017,1,
578,yes,captchas_0578.jpg,200,1374,image/jpeg;charset=UTF-8,1780300582018,1,
579,yes,captchas_0579.jpg,200,1333,image/jpeg;charset=UTF-8,1780300582019,1,
580,yes,captchas_0580.jpg,200,1356,image/jpeg;charset=UTF-8,1780300582021,1,
581,yes,captchas_0581.jpg,200,1362,image/jpeg;charset=UTF-8,1780300582022,1,
582,yes,captchas_0582.jpg,200,1382,image/jpeg;charset=UTF-8,1780300582025,1,
583,yes,captchas_0583.jpg,200,1313,image/jpeg;charset=UTF-8,1780300582026,1,
584,yes,captchas_0584.jpg,200,1320,image/jpeg;charset=UTF-8,1780300582027,1,
585,yes,captchas_0585.jpg,200,1346,image/jpeg;charset=UTF-8,1780300582030,1,
586,yes,captchas_0586.jpg,200,1395,image/jpeg;charset=UTF-8,1780300582031,1,
587,yes,captchas_0587.jpg,200,1315,image/jpeg;charset=UTF-8,1780300582034,1,
588,yes,captchas_0588.jpg,200,1339,image/jpeg;charset=UTF-8,1780300582035,1,
589,yes,captchas_0589.jpg,200,1259,image/jpeg;charset=UTF-8,1780300582036,1,
590,yes,captchas_0590.jpg,200,1308,image/jpeg;charset=UTF-8,1780300582038,1,
591,yes,captchas_0591.jpg,200,1295,image/jpeg;charset=UTF-8,1780300582039,1,
592,yes,captchas_0592.jpg,200,1416,image/jpeg;charset=UTF-8,1780300582042,1,
593,yes,captchas_0593.jpg,200,1147,image/jpeg;charset=UTF-8,1780300582043,1,
594,yes,captchas_0594.jpg,200,1391,image/jpeg;charset=UTF-8,1780300582044,1,
595,yes,captchas_0595.jpg,200,1349,image/jpeg;charset=UTF-8,1780300582046,1,
596,yes,captchas_0596.jpg,200,1218,image/jpeg;charset=UTF-8,1780300582048,1,
597,yes,captchas_0597.jpg,200,1293,image/jpeg;charset=UTF-8,1780300582050,1,
598,yes,captchas_0598.jpg,200,1296,image/jpeg;charset=UTF-8,1780300582052,1,
599,yes,captchas_0599.jpg,200,1214,image/jpeg;charset=UTF-8,1780300582053,1,
600,yes,captchas_0600.jpg,200,1197,image/jpeg;charset=UTF-8,1780300582055,1,
601,yes,captchas_0601.jpg,200,1382,image/jpeg;charset=UTF-8,1780300582056,1,
602,yes,captchas_0602.jpg,200,1279,image/jpeg;charset=UTF-8,1780300582059,1,
603,yes,captchas_0603.jpg,200,1410,image/jpeg;charset=UTF-8,1780300582060,1,
604,yes,captchas_0604.jpg,200,1312,image/jpeg;charset=UTF-8,1780300582061,1,
605,yes,captchas_0605.jpg,200,1321,image/jpeg;charset=UTF-8,1780300582065,1,
606,yes,captchas_0606.jpg,200,1355,image/jpeg;charset=UTF-8,1780300582066,1,
607,yes,captchas_0607.jpg,200,1324,image/jpeg;charset=UTF-8,1780300582070,1,
608,yes,captchas_0608.jpg,200,1229,image/jpeg;charset=UTF-8,1780300582071,1,
609,yes,captchas_0609.jpg,200,1253,image/jpeg;charset=UTF-8,1780300582072,1,
610,yes,captchas_0610.jpg,200,1416,image/jpeg;charset=UTF-8,1780300582075,1,
611,yes,captchas_0611.jpg,200,1221,image/jpeg;charset=UTF-8,1780300582076,1,
612,yes,captchas_0612.jpg,200,1277,image/jpeg;charset=UTF-8,1780300582079,1,
613,yes,captchas_0613.jpg,200,1259,image/jpeg;charset=UTF-8,1780300582080,1,
614,yes,captchas_0614.jpg,200,1392,image/jpeg;charset=UTF-8,1780300582081,1,
615,yes,captchas_0615.jpg,200,1286,image/jpeg;charset=UTF-8,1780300582084,1,
616,yes,captchas_0616.jpg,200,1411,image/jpeg;charset=UTF-8,1780300582085,1,
617,yes,captchas_0617.jpg,200,1347,image/jpeg;charset=UTF-8,1780300582087,1,
618,yes,captchas_0618.jpg,200,1293,image/jpeg;charset=UTF-8,1780300582088,1,
619,yes,captchas_0619.jpg,200,1198,image/jpeg;charset=UTF-8,1780300582089,1,
620,yes,captchas_0620.jpg,200,1272,image/jpeg;charset=UTF-8,1780300582092,1,
621,yes,captchas_0621.jpg,200,1459,image/jpeg;charset=UTF-8,1780300582093,1,
622,yes,captchas_0622.jpg,200,1171,image/jpeg;charset=UTF-8,1780300582096,1,
623,yes,captchas_0623.jpg,200,1326,image/jpeg;charset=UTF-8,1780300582097,1,
624,yes,captchas_0624.jpg,200,1263,image/jpeg;charset=UTF-8,1780300582098,1,
625,yes,captchas_0625.jpg,200,1369,image/jpeg;charset=UTF-8,1780300582100,1,
626,yes,captchas_0626.jpg,200,1042,image/jpeg;charset=UTF-8,1780300582101,1,
627,yes,captchas_0627.jpg,200,1357,image/jpeg;charset=UTF-8,1780300582104,1,
628,yes,captchas_0628.jpg,200,1198,image/jpeg;charset=UTF-8,1780300582105,1,
629,yes,captchas_0629.jpg,200,1243,image/jpeg;charset=UTF-8,1780300582106,1,
630,yes,captchas_0630.jpg,200,1292,image/jpeg;charset=UTF-8,1780300582109,1,
631,yes,captchas_0631.jpg,200,1260,image/jpeg;charset=UTF-8,1780300582110,1,
632,yes,captchas_0632.jpg,200,1270,image/jpeg;charset=UTF-8,1780300582113,1,
633,yes,captchas_0633.jpg,200,1289,image/jpeg;charset=UTF-8,1780300582114,1,
634,yes,captchas_0634.jpg,200,1302,image/jpeg;charset=UTF-8,1780300582115,1,
635,yes,captchas_0635.jpg,200,1447,image/jpeg;charset=UTF-8,1780300582118,1,
636,yes,captchas_0636.jpg,200,1310,image/jpeg;charset=UTF-8,1780300582119,1,
637,yes,captchas_0637.jpg,200,1337,image/jpeg;charset=UTF-8,1780300582122,1,
638,yes,captchas_0638.jpg,200,1227,image/jpeg;charset=UTF-8,1780300582123,1,
639,yes,captchas_0639.jpg,200,1349,image/jpeg;charset=UTF-8,1780300582124,1,
640,yes,captchas_0640.jpg,200,1250,image/jpeg;charset=UTF-8,1780300582126,1,
641,yes,captchas_0641.jpg,200,1127,image/jpeg;charset=UTF-8,1780300582127,1,
642,yes,captchas_0642.jpg,200,1392,image/jpeg;charset=UTF-8,1780300582130,1,
643,yes,captchas_0643.jpg,200,1233,image/jpeg;charset=UTF-8,1780300582131,1,
644,yes,captchas_0644.jpg,200,1274,image/jpeg;charset=UTF-8,1780300582132,1,
645,yes,captchas_0645.jpg,200,1294,image/jpeg;charset=UTF-8,1780300582135,1,
646,yes,captchas_0646.jpg,200,1295,image/jpeg;charset=UTF-8,1780300582136,1,
647,yes,captchas_0647.jpg,200,1416,image/jpeg;charset=UTF-8,1780300582138,1,
648,yes,captchas_0648.jpg,200,1230,image/jpeg;charset=UTF-8,1780300582140,1,
649,yes,captchas_0649.jpg,200,1294,image/jpeg;charset=UTF-8,1780300582141,1,
650,yes,captchas_0650.jpg,200,1363,image/jpeg;charset=UTF-8,1780300582143,1,
651,yes,captchas_0651.jpg,200,1354,image/jpeg;charset=UTF-8,1780300582144,1,
652,yes,captchas_0652.jpg,200,1346,image/jpeg;charset=UTF-8,1780300582147,1,
653,yes,captchas_0653.jpg,200,1255,image/jpeg;charset=UTF-8,1780300582148,1,
654,yes,captchas_0654.jpg,200,1346,image/jpeg;charset=UTF-8,1780300582149,1,
655,yes,captchas_0655.jpg,200,1211,image/jpeg;charset=UTF-8,1780300582152,1,
656,yes,captchas_0656.jpg,200,1189,image/jpeg;charset=UTF-8,1780300582153,1,
657,yes,captchas_0657.jpg,200,1221,image/jpeg;charset=UTF-8,1780300582156,1,
658,yes,captchas_0658.jpg,200,1456,image/jpeg;charset=UTF-8,1780300582157,1,
659,yes,captchas_0659.jpg,200,1339,image/jpeg;charset=UTF-8,1780300582158,1,
660,yes,captchas_0660.jpg,200,1205,image/jpeg;charset=UTF-8,1780300582160,1,
661,yes,captchas_0661.jpg,200,1420,image/jpeg;charset=UTF-8,1780300582162,1,
662,yes,captchas_0662.jpg,200,1421,image/jpeg;charset=UTF-8,1780300582164,1,
663,yes,captchas_0663.jpg,200,1305,image/jpeg;charset=UTF-8,1780300582165,1,
664,yes,captchas_0664.jpg,200,1245,image/jpeg;charset=UTF-8,1780300582166,1,
665,yes,captchas_0665.jpg,200,1362,image/jpeg;charset=UTF-8,1780300582169,1,
666,yes,captchas_0666.jpg,200,1276,image/jpeg;charset=UTF-8,1780300582170,1,
667,yes,captchas_0667.jpg,200,1300,image/jpeg;charset=UTF-8,1780300582173,1,
668,yes,captchas_0668.jpg,200,1295,image/jpeg;charset=UTF-8,1780300582174,1,
669,yes,captchas_0669.jpg,200,1352,image/jpeg;charset=UTF-8,1780300582175,1,
670,yes,captchas_0670.jpg,200,1417,image/jpeg;charset=UTF-8,1780300582177,1,
671,yes,captchas_0671.jpg,200,1345,image/jpeg;charset=UTF-8,1780300582178,1,
672,yes,captchas_0672.jpg,200,1281,image/jpeg;charset=UTF-8,1780300582182,1,
673,yes,captchas_0673.jpg,200,1405,image/jpeg;charset=UTF-8,1780300582183,1,
674,yes,captchas_0674.jpg,200,1297,image/jpeg;charset=UTF-8,1780300582184,1,
675,yes,captchas_0675.jpg,200,1283,image/jpeg;charset=UTF-8,1780300582188,1,
676,yes,captchas_0676.jpg,200,1335,image/jpeg;charset=UTF-8,1780300582189,1,
677,yes,captchas_0677.jpg,200,1330,image/jpeg;charset=UTF-8,1780300582193,1,
678,yes,captchas_0678.jpg,200,1138,image/jpeg;charset=UTF-8,1780300582194,1,
679,yes,captchas_0679.jpg,200,1319,image/jpeg;charset=UTF-8,1780300582195,1,
680,yes,captchas_0680.jpg,200,1349,image/jpeg;charset=UTF-8,1780300582198,1,
681,yes,captchas_0681.jpg,200,1310,image/jpeg;charset=UTF-8,1780300582199,1,
682,yes,captchas_0682.jpg,200,1369,image/jpeg;charset=UTF-8,1780300582202,1,
683,yes,captchas_0683.jpg,200,1341,image/jpeg;charset=UTF-8,1780300582203,1,
684,yes,captchas_0684.jpg,200,1407,image/jpeg;charset=UTF-8,1780300582204,1,
685,yes,captchas_0685.jpg,200,1319,image/jpeg;charset=UTF-8,1780300582206,1,
686,yes,captchas_0686.jpg,200,1079,image/jpeg;charset=UTF-8,1780300582207,1,
687,yes,captchas_0687.jpg,200,1132,image/jpeg;charset=UTF-8,1780300582210,1,
688,yes,captchas_0688.jpg,200,1335,image/jpeg;charset=UTF-8,1780300582211,1,
689,yes,captchas_0689.jpg,200,1239,image/jpeg;charset=UTF-8,1780300582213,1,
690,yes,captchas_0690.jpg,200,1367,image/jpeg;charset=UTF-8,1780300582215,1,
691,yes,captchas_0691.jpg,200,1315,image/jpeg;charset=UTF-8,1780300582216,1,
692,yes,captchas_0692.jpg,200,1364,image/jpeg;charset=UTF-8,1780300582219,1,
693,yes,captchas_0693.jpg,200,1132,image/jpeg;charset=UTF-8,1780300582220,1,
694,yes,captchas_0694.jpg,200,1232,image/jpeg;charset=UTF-8,1780300582221,1,
695,yes,captchas_0695.jpg,200,1279,image/jpeg;charset=UTF-8,1780300582223,1,
696,yes,captchas_0696.jpg,200,1258,image/jpeg;charset=UTF-8,1780300582224,1,
697,yes,captchas_0697.jpg,200,1286,image/jpeg;charset=UTF-8,1780300582227,1,
698,yes,captchas_0698.jpg,200,1284,image/jpeg;charset=UTF-8,1780300582228,1,
699,yes,captchas_0699.jpg,200,1373,image/jpeg;charset=UTF-8,1780300582229,1,
700,yes,captchas_0700.jpg,200,1169,image/jpeg;charset=UTF-8,1780300582232,1,
701,yes,captchas_0701.jpg,200,1351,image/jpeg;charset=UTF-8,1780300582233,1,
702,yes,captchas_0702.jpg,200,1389,image/jpeg;charset=UTF-8,1780300582236,1,
703,yes,captchas_0703.jpg,200,1293,image/jpeg;charset=UTF-8,1780300582237,1,
704,yes,captchas_0704.jpg,200,1335,image/jpeg;charset=UTF-8,1780300582238,1,
705,yes,captchas_0705.jpg,200,1349,image/jpeg;charset=UTF-8,1780300582240,1,
706,yes,captchas_0706.jpg,200,1496,image/jpeg;charset=UTF-8,1780300582241,1,
707,yes,captchas_0707.jpg,200,1350,image/jpeg;charset=UTF-8,1780300582244,1,
708,yes,captchas_0708.jpg,200,1277,image/jpeg;charset=UTF-8,1780300582245,1,
709,yes,captchas_0709.jpg,200,1402,image/jpeg;charset=UTF-8,1780300582246,1,
710,yes,captchas_0710.jpg,200,1424,image/jpeg;charset=UTF-8,1780300582249,1,
711,yes,captchas_0711.jpg,200,1284,image/jpeg;charset=UTF-8,1780300582250,1,
712,yes,captchas_0712.jpg,200,1344,image/jpeg;charset=UTF-8,1780300582253,1,
713,yes,captchas_0713.jpg,200,1347,image/jpeg;charset=UTF-8,1780300582254,1,
714,yes,captchas_0714.jpg,200,1426,image/jpeg;charset=UTF-8,1780300582255,1,
715,yes,captchas_0715.jpg,200,1434,image/jpeg;charset=UTF-8,1780300582257,1,
716,yes,captchas_0716.jpg,200,1223,image/jpeg;charset=UTF-8,1780300582258,1,
717,yes,captchas_0717.jpg,200,1230,image/jpeg;charset=UTF-8,1780300582261,1,
718,yes,captchas_0718.jpg,200,1215,image/jpeg;charset=UTF-8,1780300582262,1,
719,yes,captchas_0719.jpg,200,1451,image/jpeg;charset=UTF-8,1780300582263,1,
720,yes,captchas_0720.jpg,200,1321,image/jpeg;charset=UTF-8,1780300582266,1,
721,yes,captchas_0721.jpg,200,1277,image/jpeg;charset=UTF-8,1780300582267,1,
722,yes,captchas_0722.jpg,200,1320,image/jpeg;charset=UTF-8,1780300582270,1,
723,yes,captchas_0723.jpg,200,1332,image/jpeg;charset=UTF-8,1780300582271,1,
724,yes,captchas_0724.jpg,200,1342,image/jpeg;charset=UTF-8,1780300582272,1,
725,yes,captchas_0725.jpg,200,1233,image/jpeg;charset=UTF-8,1780300582274,1,
726,yes,captchas_0726.jpg,200,1275,image/jpeg;charset=UTF-8,1780300582275,1,
727,yes,captchas_0727.jpg,200,1309,image/jpeg;charset=UTF-8,1780300582278,1,
728,yes,captchas_0728.jpg,200,1207,image/jpeg;charset=UTF-8,1780300582280,1,
729,yes,captchas_0729.jpg,200,1302,image/jpeg;charset=UTF-8,1780300582281,1,
730,yes,captchas_0730.jpg,200,1396,image/jpeg;charset=UTF-8,1780300582283,1,
731,yes,captchas_0731.jpg,200,1305,image/jpeg;charset=UTF-8,1780300582284,1,
732,yes,captchas_0732.jpg,200,1255,image/jpeg;charset=UTF-8,1780300582287,1,
733,yes,captchas_0733.jpg,200,1295,image/jpeg;charset=UTF-8,1780300582288,1,
734,yes,captchas_0734.jpg,200,1473,image/jpeg;charset=UTF-8,1780300582289,1,
735,yes,captchas_0735.jpg,200,1474,image/jpeg;charset=UTF-8,1780300582291,1,
736,yes,captchas_0736.jpg,200,1193,image/jpeg;charset=UTF-8,1780300582292,1,
737,yes,captchas_0737.jpg,200,1171,image/jpeg;charset=UTF-8,1780300582296,1,
738,yes,captchas_0738.jpg,200,1261,image/jpeg;charset=UTF-8,1780300582297,1,
739,yes,captchas_0739.jpg,200,1314,image/jpeg;charset=UTF-8,1780300582298,1,
740,yes,captchas_0740.jpg,200,1179,image/jpeg;charset=UTF-8,1780300582300,1,
741,yes,captchas_0741.jpg,200,1157,image/jpeg;charset=UTF-8,1780300582301,1,
742,yes,captchas_0742.jpg,200,1372,image/jpeg;charset=UTF-8,1780300582304,1,
743,yes,captchas_0743.jpg,200,1426,image/jpeg;charset=UTF-8,1780300582305,1,
744,yes,captchas_0744.jpg,200,1207,image/jpeg;charset=UTF-8,1780300582306,1,
745,yes,captchas_0745.jpg,200,1206,image/jpeg;charset=UTF-8,1780300582309,1,
746,yes,captchas_0746.jpg,200,1344,image/jpeg;charset=UTF-8,1780300582310,1,
747,yes,captchas_0747.jpg,200,1347,image/jpeg;charset=UTF-8,1780300582314,1,
748,yes,captchas_0748.jpg,200,1187,image/jpeg;charset=UTF-8,1780300582315,1,
749,yes,captchas_0749.jpg,200,1272,image/jpeg;charset=UTF-8,1780300582316,1,
750,yes,captchas_0750.jpg,200,1422,image/jpeg;charset=UTF-8,1780300582320,1,
751,yes,captchas_0751.jpg,200,1150,image/jpeg;charset=UTF-8,1780300582321,1,
752,yes,captchas_0752.jpg,200,1243,image/jpeg;charset=UTF-8,1780300582324,1,
753,yes,captchas_0753.jpg,200,1353,image/jpeg;charset=UTF-8,1780300582326,1,
754,yes,captchas_0754.jpg,200,1132,image/jpeg;charset=UTF-8,1780300582327,1,
755,yes,captchas_0755.jpg,200,1317,image/jpeg;charset=UTF-8,1780300582329,1,
756,yes,captchas_0756.jpg,200,1266,image/jpeg;charset=UTF-8,1780300582330,1,
757,yes,captchas_0757.jpg,200,1254,image/jpeg;charset=UTF-8,1780300582333,1,
758,yes,captchas_0758.jpg,200,1345,image/jpeg;charset=UTF-8,1780300582334,1,
759,yes,captchas_0759.jpg,200,1268,image/jpeg;charset=UTF-8,1780300582335,1,
760,yes,captchas_0760.jpg,200,1281,image/jpeg;charset=UTF-8,1780300582338,1,
761,yes,captchas_0761.jpg,200,1361,image/jpeg;charset=UTF-8,1780300582339,1,
762,yes,captchas_0762.jpg,200,1281,image/jpeg;charset=UTF-8,1780300582342,1,
763,yes,captchas_0763.jpg,200,1421,image/jpeg;charset=UTF-8,1780300582343,1,
764,yes,captchas_0764.jpg,200,1258,image/jpeg;charset=UTF-8,1780300582344,1,
765,yes,captchas_0765.jpg,200,1229,image/jpeg;charset=UTF-8,1780300582346,1,
766,yes,captchas_0766.jpg,200,1147,image/jpeg;charset=UTF-8,1780300582347,1,
767,yes,captchas_0767.jpg,200,1443,image/jpeg;charset=UTF-8,1780300582350,1,
768,yes,captchas_0768.jpg,200,1321,image/jpeg;charset=UTF-8,1780300582351,1,
769,yes,captchas_0769.jpg,200,1246,image/jpeg;charset=UTF-8,1780300582352,1,
770,yes,captchas_0770.jpg,200,1280,image/jpeg;charset=UTF-8,1780300582354,1,
771,yes,captchas_0771.jpg,200,1234,image/jpeg;charset=UTF-8,1780300582356,1,
772,yes,captchas_0772.jpg,200,1119,image/jpeg;charset=UTF-8,1780300582359,1,
773,yes,captchas_0773.jpg,200,1239,image/jpeg;charset=UTF-8,1780300582360,1,
774,yes,captchas_0774.jpg,200,1290,image/jpeg;charset=UTF-8,1780300582361,1,
775,yes,captchas_0775.jpg,200,1390,image/jpeg;charset=UTF-8,1780300582363,1,
776,yes,captchas_0776.jpg,200,1287,image/jpeg;charset=UTF-8,1780300582364,1,
777,yes,captchas_0777.jpg,200,1334,image/jpeg;charset=UTF-8,1780300582367,1,
778,yes,captchas_0778.jpg,200,1296,image/jpeg;charset=UTF-8,1780300582368,1,
779,yes,captchas_0779.jpg,200,1432,image/jpeg;charset=UTF-8,1780300582369,1,
780,yes,captchas_0780.jpg,200,1324,image/jpeg;charset=UTF-8,1780300582372,1,
781,yes,captchas_0781.jpg,200,1303,image/jpeg;charset=UTF-8,1780300582373,1,
782,yes,captchas_0782.jpg,200,1383,image/jpeg;charset=UTF-8,1780300582375,1,
783,yes,captchas_0783.jpg,200,1318,image/jpeg;charset=UTF-8,1780300582377,1,
784,yes,captchas_0784.jpg,200,1344,image/jpeg;charset=UTF-8,1780300582378,1,
785,yes,captchas_0785.jpg,200,1411,image/jpeg;charset=UTF-8,1780300582380,1,
786,yes,captchas_0786.jpg,200,1412,image/jpeg;charset=UTF-8,1780300582381,1,
787,yes,captchas_0787.jpg,200,1259,image/jpeg;charset=UTF-8,1780300582384,1,
788,yes,captchas_0788.jpg,200,1369,image/jpeg;charset=UTF-8,1780300582385,1,
789,yes,captchas_0789.jpg,200,1372,image/jpeg;charset=UTF-8,1780300582386,1,
790,yes,captchas_0790.jpg,200,1307,image/jpeg;charset=UTF-8,1780300582389,1,
791,yes,captchas_0791.jpg,200,1190,image/jpeg;charset=UTF-8,1780300582390,1,
792,yes,captchas_0792.jpg,200,1370,image/jpeg;charset=UTF-8,1780300582392,1,
793,yes,captchas_0793.jpg,200,1189,image/jpeg;charset=UTF-8,1780300582394,1,
794,yes,captchas_0794.jpg,200,1292,image/jpeg;charset=UTF-8,1780300582395,1,
795,yes,captchas_0795.jpg,200,1345,image/jpeg;charset=UTF-8,1780300582397,1,
796,yes,captchas_0796.jpg,200,1345,image/jpeg;charset=UTF-8,1780300582398,1,
797,yes,captchas_0797.jpg,200,1302,image/jpeg;charset=UTF-8,1780300582401,1,
798,yes,captchas_0798.jpg,200,1248,image/jpeg;charset=UTF-8,1780300582402,1,
799,yes,captchas_0799.jpg,200,1362,image/jpeg;charset=UTF-8,1780300582403,1,
800,yes,captchas_0800.jpg,200,1384,image/jpeg;charset=UTF-8,1780300582405,1,
801,yes,captchas_0801.jpg,200,1317,image/jpeg;charset=UTF-8,1780300582407,1,
802,yes,captchas_0802.jpg,200,1387,image/jpeg;charset=UTF-8,1780300582409,1,
803,yes,captchas_0803.jpg,200,1341,image/jpeg;charset=UTF-8,1780300582410,1,
804,yes,captchas_0804.jpg,200,1147,image/jpeg;charset=UTF-8,1780300582411,1,
805,yes,captchas_0805.jpg,200,1396,image/jpeg;charset=UTF-8,1780300582414,1,
806,yes,captchas_0806.jpg,200,1290,image/jpeg;charset=UTF-8,1780300582415,1,
807,yes,captchas_0807.jpg,200,1331,image/jpeg;charset=UTF-8,1780300582418,1,
808,yes,captchas_0808.jpg,200,1313,image/jpeg;charset=UTF-8,1780300582419,1,
809,yes,captchas_0809.jpg,200,1419,image/jpeg;charset=UTF-8,1780300582420,1,
810,yes,captchas_0810.jpg,200,1355,image/jpeg;charset=UTF-8,1780300582422,1,
811,yes,captchas_0811.jpg,200,1302,image/jpeg;charset=UTF-8,1780300582424,1,
812,yes,captchas_0812.jpg,200,1243,image/jpeg;charset=UTF-8,1780300582426,1,
813,yes,captchas_0813.jpg,200,1392,image/jpeg;charset=UTF-8,1780300582427,1,
814,yes,captchas_0814.jpg,200,1371,image/jpeg;charset=UTF-8,1780300582428,1,
815,yes,captchas_0815.jpg,200,1308,image/jpeg;charset=UTF-8,1780300582431,1,
816,yes,captchas_0816.jpg,200,1334,image/jpeg;charset=UTF-8,1780300582432,1,
817,yes,captchas_0817.jpg,200,1299,image/jpeg;charset=UTF-8,1780300582435,1,
818,yes,captchas_0818.jpg,200,1262,image/jpeg;charset=UTF-8,1780300582436,1,
819,yes,captchas_0819.jpg,200,1332,image/jpeg;charset=UTF-8,1780300582437,1,
820,yes,captchas_0820.jpg,200,1382,image/jpeg;charset=UTF-8,1780300582439,1,
821,yes,captchas_0821.jpg,200,1313,image/jpeg;charset=UTF-8,1780300582440,1,
822,yes,captchas_0822.jpg,200,1236,image/jpeg;charset=UTF-8,1780300582443,1,
823,yes,captchas_0823.jpg,200,1141,image/jpeg;charset=UTF-8,1780300582444,1,
824,yes,captchas_0824.jpg,200,1320,image/jpeg;charset=UTF-8,1780300582445,1,
825,yes,captchas_0825.jpg,200,1370,image/jpeg;charset=UTF-8,1780300582448,1,
826,yes,captchas_0826.jpg,200,1316,image/jpeg;charset=UTF-8,1780300582449,1,
827,yes,captchas_0827.jpg,200,1364,image/jpeg;charset=UTF-8,1780300582452,1,
828,yes,captchas_0828.jpg,200,1239,image/jpeg;charset=UTF-8,1780300582453,1,
829,yes,captchas_0829.jpg,200,1239,image/jpeg;charset=UTF-8,1780300582454,1,
830,yes,captchas_0830.jpg,200,1383,image/jpeg;charset=UTF-8,1780300582456,1,
831,yes,captchas_0831.jpg,200,1226,image/jpeg;charset=UTF-8,1780300582457,1,
832,yes,captchas_0832.jpg,200,1294,image/jpeg;charset=UTF-8,1780300582461,1,
833,yes,captchas_0833.jpg,200,1260,image/jpeg;charset=UTF-8,1780300582462,1,
834,yes,captchas_0834.jpg,200,1312,image/jpeg;charset=UTF-8,1780300582463,1,
835,yes,captchas_0835.jpg,200,1188,image/jpeg;charset=UTF-8,1780300582466,1,
836,yes,captchas_0836.jpg,200,1324,image/jpeg;charset=UTF-8,1780300582467,1,
837,yes,captchas_0837.jpg,200,1237,image/jpeg;charset=UTF-8,1780300582470,1,
838,yes,captchas_0838.jpg,200,1353,image/jpeg;charset=UTF-8,1780300582471,1,
839,yes,captchas_0839.jpg,200,1215,image/jpeg;charset=UTF-8,1780300582472,1,
840,yes,captchas_0840.jpg,200,1293,image/jpeg;charset=UTF-8,1780300582475,1,
841,yes,captchas_0841.jpg,200,1291,image/jpeg;charset=UTF-8,1780300582476,1,
842,yes,captchas_0842.jpg,200,1277,image/jpeg;charset=UTF-8,1780300582479,1,
843,yes,captchas_0843.jpg,200,1362,image/jpeg;charset=UTF-8,1780300582480,1,
844,yes,captchas_0844.jpg,200,1185,image/jpeg;charset=UTF-8,1780300582481,1,
845,yes,captchas_0845.jpg,200,1325,image/jpeg;charset=UTF-8,1780300582483,1,
846,yes,captchas_0846.jpg,200,1141,image/jpeg;charset=UTF-8,1780300582484,1,
847,yes,captchas_0847.jpg,200,1393,image/jpeg;charset=UTF-8,1780300582488,1,
848,yes,captchas_0848.jpg,200,1449,image/jpeg;charset=UTF-8,1780300582489,1,
849,yes,captchas_0849.jpg,200,1379,image/jpeg;charset=UTF-8,1780300582490,1,
850,yes,captchas_0850.jpg,200,1349,image/jpeg;charset=UTF-8,1780300582493,1,
851,yes,captchas_0851.jpg,200,1353,image/jpeg;charset=UTF-8,1780300582494,1,
852,yes,captchas_0852.jpg,200,1346,image/jpeg;charset=UTF-8,1780300582497,1,
853,yes,captchas_0853.jpg,200,1341,image/jpeg;charset=UTF-8,1780300582498,1,
854,yes,captchas_0854.jpg,200,1217,image/jpeg;charset=UTF-8,1780300582499,1,
855,yes,captchas_0855.jpg,200,1244,image/jpeg;charset=UTF-8,1780300582501,1,
856,yes,captchas_0856.jpg,200,1191,image/jpeg;charset=UTF-8,1780300582503,1,
857,yes,captchas_0857.jpg,200,1285,image/jpeg;charset=UTF-8,1780300582506,1,
858,yes,captchas_0858.jpg,200,1315,image/jpeg;charset=UTF-8,1780300582507,1,
859,yes,captchas_0859.jpg,200,1302,image/jpeg;charset=UTF-8,1780300582508,1,
860,yes,captchas_0860.jpg,200,1355,image/jpeg;charset=UTF-8,1780300582511,1,
861,yes,captchas_0861.jpg,200,1293,image/jpeg;charset=UTF-8,1780300582512,1,
862,yes,captchas_0862.jpg,200,1452,image/jpeg;charset=UTF-8,1780300582514,1,
863,yes,captchas_0863.jpg,200,1197,image/jpeg;charset=UTF-8,1780300582516,1,
864,yes,captchas_0864.jpg,200,1324,image/jpeg;charset=UTF-8,1780300582517,1,
865,yes,captchas_0865.jpg,200,1208,image/jpeg;charset=UTF-8,1780300582519,1,
866,yes,captchas_0866.jpg,200,1388,image/jpeg;charset=UTF-8,1780300582520,1,
867,yes,captchas_0867.jpg,200,1359,image/jpeg;charset=UTF-8,1780300582524,1,
868,yes,captchas_0868.jpg,200,1348,image/jpeg;charset=UTF-8,1780300582525,1,
869,yes,captchas_0869.jpg,200,1343,image/jpeg;charset=UTF-8,1780300582526,1,
870,yes,captchas_0870.jpg,200,1188,image/jpeg;charset=UTF-8,1780300582529,1,
871,yes,captchas_0871.jpg,200,1378,image/jpeg;charset=UTF-8,1780300582530,1,
872,yes,captchas_0872.jpg,200,1379,image/jpeg;charset=UTF-8,1780300582534,1,
873,yes,captchas_0873.jpg,200,1307,image/jpeg;charset=UTF-8,1780300582535,1,
874,yes,captchas_0874.jpg,200,1302,image/jpeg;charset=UTF-8,1780300582536,1,
875,yes,captchas_0875.jpg,200,1294,image/jpeg;charset=UTF-8,1780300582537,1,
876,yes,captchas_0876.jpg,200,1287,image/jpeg;charset=UTF-8,1780300582538,1,
877,yes,captchas_0877.jpg,200,1225,image/jpeg;charset=UTF-8,1780300582541,1,
878,yes,captchas_0878.jpg,200,1293,image/jpeg;charset=UTF-8,1780300582543,1,
879,yes,captchas_0879.jpg,200,1360,image/jpeg;charset=UTF-8,1780300582545,1,
880,yes,captchas_0880.jpg,200,1268,image/jpeg;charset=UTF-8,1780300582546,1,
881,yes,captchas_0881.jpg,200,1308,image/jpeg;charset=UTF-8,1780300582547,1,
882,yes,captchas_0882.jpg,200,1308,image/jpeg;charset=UTF-8,1780300582550,1,
883,yes,captchas_0883.jpg,200,1320,image/jpeg;charset=UTF-8,1780300582551,1,
884,yes,captchas_0884.jpg,200,1344,image/jpeg;charset=UTF-8,1780300582553,1,
885,yes,captchas_0885.jpg,200,1386,image/jpeg;charset=UTF-8,1780300582554,1,
886,yes,captchas_0886.jpg,200,1331,image/jpeg;charset=UTF-8,1780300582555,1,
887,yes,captchas_0887.jpg,200,1320,image/jpeg;charset=UTF-8,1780300582558,1,
888,yes,captchas_0888.jpg,200,1288,image/jpeg;charset=UTF-8,1780300582559,1,
889,yes,captchas_0889.jpg,200,1118,image/jpeg;charset=UTF-8,1780300582562,1,
890,yes,captchas_0890.jpg,200,1310,image/jpeg;charset=UTF-8,1780300582563,1,
891,yes,captchas_0891.jpg,200,1318,image/jpeg;charset=UTF-8,1780300582564,1,
892,yes,captchas_0892.jpg,200,1339,image/jpeg;charset=UTF-8,1780300582567,1,
893,yes,captchas_0893.jpg,200,1362,image/jpeg;charset=UTF-8,1780300582568,1,
894,yes,captchas_0894.jpg,200,1299,image/jpeg;charset=UTF-8,1780300582570,1,
895,yes,captchas_0895.jpg,200,1276,image/jpeg;charset=UTF-8,1780300582572,1,
896,yes,captchas_0896.jpg,200,1195,image/jpeg;charset=UTF-8,1780300582573,1,
897,yes,captchas_0897.jpg,200,1395,image/jpeg;charset=UTF-8,1780300582575,1,
898,yes,captchas_0898.jpg,200,1242,image/jpeg;charset=UTF-8,1780300582576,1,
899,yes,captchas_0899.jpg,200,1433,image/jpeg;charset=UTF-8,1780300582579,1,
900,yes,captchas_0900.jpg,200,1291,image/jpeg;charset=UTF-8,1780300582580,1,
901,yes,captchas_0901.jpg,200,1398,image/jpeg;charset=UTF-8,1780300582581,1,
902,yes,captchas_0902.jpg,200,1292,image/jpeg;charset=UTF-8,1780300582584,1,
903,yes,captchas_0903.jpg,200,1371,image/jpeg;charset=UTF-8,1780300582585,1,
904,yes,captchas_0904.jpg,200,1411,image/jpeg;charset=UTF-8,1780300582588,1,
905,yes,captchas_0905.jpg,200,1183,image/jpeg;charset=UTF-8,1780300582589,1,
906,yes,captchas_0906.jpg,200,1475,image/jpeg;charset=UTF-8,1780300582590,1,
907,yes,captchas_0907.jpg,200,1156,image/jpeg;charset=UTF-8,1780300582592,1,
908,yes,captchas_0908.jpg,200,1283,image/jpeg;charset=UTF-8,1780300582593,1,
909,yes,captchas_0909.jpg,200,1346,image/jpeg;charset=UTF-8,1780300582597,1,
910,yes,captchas_0910.jpg,200,1385,image/jpeg;charset=UTF-8,1780300582598,1,
911,yes,captchas_0911.jpg,200,1251,image/jpeg;charset=UTF-8,1780300582600,1,
912,yes,captchas_0912.jpg,200,1258,image/jpeg;charset=UTF-8,1780300582601,1,
913,yes,captchas_0913.jpg,200,1303,image/jpeg;charset=UTF-8,1780300582602,1,
914,yes,captchas_0914.jpg,200,1300,image/jpeg;charset=UTF-8,1780300582605,1,
915,yes,captchas_0915.jpg,200,1321,image/jpeg;charset=UTF-8,1780300582606,1,
916,yes,captchas_0916.jpg,200,1256,image/jpeg;charset=UTF-8,1780300582608,1,
917,yes,captchas_0917.jpg,200,1189,image/jpeg;charset=UTF-8,1780300582610,1,
918,yes,captchas_0918.jpg,200,1296,image/jpeg;charset=UTF-8,1780300582611,1,
919,yes,captchas_0919.jpg,200,1401,image/jpeg;charset=UTF-8,1780300582614,1,
920,yes,captchas_0920.jpg,200,1285,image/jpeg;charset=UTF-8,1780300582615,1,
921,yes,captchas_0921.jpg,200,1308,image/jpeg;charset=UTF-8,1780300582616,1,
922,yes,captchas_0922.jpg,200,1213,image/jpeg;charset=UTF-8,1780300582618,1,
923,yes,captchas_0923.jpg,200,1112,image/jpeg;charset=UTF-8,1780300582619,1,
924,yes,captchas_0924.jpg,200,1222,image/jpeg;charset=UTF-8,1780300582623,1,
925,yes,captchas_0925.jpg,200,1246,image/jpeg;charset=UTF-8,1780300582625,1,
926,yes,captchas_0926.jpg,200,1301,image/jpeg;charset=UTF-8,1780300582626,1,
927,yes,captchas_0927.jpg,200,1413,image/jpeg;charset=UTF-8,1780300582627,1,
928,yes,captchas_0928.jpg,200,1192,image/jpeg;charset=UTF-8,1780300582628,1,
929,yes,captchas_0929.jpg,200,1475,image/jpeg;charset=UTF-8,1780300582630,1,
930,yes,captchas_0930.jpg,200,1307,image/jpeg;charset=UTF-8,1780300582634,1,
931,yes,captchas_0931.jpg,200,1229,image/jpeg;charset=UTF-8,1780300582635,1,
932,yes,captchas_0932.jpg,200,1279,image/jpeg;charset=UTF-8,1780300582636,1,
933,yes,captchas_0933.jpg,200,1381,image/jpeg;charset=UTF-8,1780300582637,1,
934,yes,captchas_0934.jpg,200,1226,image/jpeg;charset=UTF-8,1780300582638,1,
935,yes,captchas_0935.jpg,200,1265,image/jpeg;charset=UTF-8,1780300582641,1,
936,yes,captchas_0936.jpg,200,1374,image/jpeg;charset=UTF-8,1780300582644,1,
937,yes,captchas_0937.jpg,200,1211,image/jpeg;charset=UTF-8,1780300582645,1,
938,yes,captchas_0938.jpg,200,1364,image/jpeg;charset=UTF-8,1780300582646,1,
939,yes,captchas_0939.jpg,200,1309,image/jpeg;charset=UTF-8,1780300582647,1,
940,yes,captchas_0940.jpg,200,1302,image/jpeg;charset=UTF-8,1780300582649,1,
941,yes,captchas_0941.jpg,200,1326,image/jpeg;charset=UTF-8,1780300582653,1,
942,yes,captchas_0942.jpg,200,1231,image/jpeg;charset=UTF-8,1780300582654,1,
943,yes,captchas_0943.jpg,200,1338,image/jpeg;charset=UTF-8,1780300582655,1,
944,yes,captchas_0944.jpg,200,1285,image/jpeg;charset=UTF-8,1780300582656,1,
945,yes,captchas_0945.jpg,200,1345,image/jpeg;charset=UTF-8,1780300582657,1,
946,yes,captchas_0946.jpg,200,1235,image/jpeg;charset=UTF-8,1780300582661,1,
947,yes,captchas_0947.jpg,200,1386,image/jpeg;charset=UTF-8,1780300582662,1,
948,yes,captchas_0948.jpg,200,1238,image/jpeg;charset=UTF-8,1780300582663,1,
949,yes,captchas_0949.jpg,200,1371,image/jpeg;charset=UTF-8,1780300582665,1,
950,yes,captchas_0950.jpg,200,1258,image/jpeg;charset=UTF-8,1780300582666,1,
951,yes,captchas_0951.jpg,200,1311,image/jpeg;charset=UTF-8,1780300582668,1,
952,yes,captchas_0952.jpg,200,1305,image/jpeg;charset=UTF-8,1780300582670,1,
953,yes,captchas_0953.jpg,200,1296,image/jpeg;charset=UTF-8,1780300582671,1,
954,yes,captchas_0954.jpg,200,1267,image/jpeg;charset=UTF-8,1780300582675,1,
955,yes,captchas_0955.jpg,200,1337,image/jpeg;charset=UTF-8,1780300582676,1,
956,yes,captchas_0956.jpg,200,1259,image/jpeg;charset=UTF-8,1780300582677,1,
957,yes,captchas_0957.jpg,200,1381,image/jpeg;charset=UTF-8,1780300582680,1,
958,yes,captchas_0958.jpg,200,1419,image/jpeg;charset=UTF-8,1780300582681,1,
959,yes,captchas_0959.jpg,200,1373,image/jpeg;charset=UTF-8,1780300582683,1,
960,yes,captchas_0960.jpg,200,1361,image/jpeg;charset=UTF-8,1780300582685,1,
961,yes,captchas_0961.jpg,200,1453,image/jpeg;charset=UTF-8,1780300582686,1,
962,yes,captchas_0962.jpg,200,1368,image/jpeg;charset=UTF-8,1780300582688,1,
963,yes,captchas_0963.jpg,200,1278,image/jpeg;charset=UTF-8,1780300582689,1,
964,yes,captchas_0964.jpg,200,1197,image/jpeg;charset=UTF-8,1780300582693,1,
965,yes,captchas_0965.jpg,200,1260,image/jpeg;charset=UTF-8,1780300582694,1,
966,yes,captchas_0966.jpg,200,1388,image/jpeg;charset=UTF-8,1780300582695,1,
967,yes,captchas_0967.jpg,200,1173,image/jpeg;charset=UTF-8,1780300582698,1,
968,yes,captchas_0968.jpg,200,1279,image/jpeg;charset=UTF-8,1780300582699,1,
969,yes,captchas_0969.jpg,200,1310,image/jpeg;charset=UTF-8,1780300582702,1,
970,yes,captchas_0970.jpg,200,1199,image/jpeg;charset=UTF-8,1780300582703,1,
971,yes,captchas_0971.jpg,200,1281,image/jpeg;charset=UTF-8,1780300582705,1,
972,yes,captchas_0972.jpg,200,1382,image/jpeg;charset=UTF-8,1780300582707,1,
973,yes,captchas_0973.jpg,200,1125,image/jpeg;charset=UTF-8,1780300582708,1,
974,yes,captchas_0974.jpg,200,1320,image/jpeg;charset=UTF-8,1780300582711,1,
975,yes,captchas_0975.jpg,200,1312,image/jpeg;charset=UTF-8,1780300582712,1,
976,yes,captchas_0976.jpg,200,1319,image/jpeg;charset=UTF-8,1780300582713,1,
977,yes,captchas_0977.jpg,200,1314,image/jpeg;charset=UTF-8,1780300582715,1,
978,yes,captchas_0978.jpg,200,1141,image/jpeg;charset=UTF-8,1780300582717,1,
979,yes,captchas_0979.jpg,200,1173,image/jpeg;charset=UTF-8,1780300582719,1,
980,yes,captchas_0980.jpg,200,1208,image/jpeg;charset=UTF-8,1780300582720,1,
981,yes,captchas_0981.jpg,200,1279,image/jpeg;charset=UTF-8,1780300582722,1,
982,yes,captchas_0982.jpg,200,1377,image/jpeg;charset=UTF-8,1780300582724,1,
983,yes,captchas_0983.jpg,200,1326,image/jpeg;charset=UTF-8,1780300582725,1,
984,yes,captchas_0984.jpg,200,1387,image/jpeg;charset=UTF-8,1780300582728,1,
985,yes,captchas_0985.jpg,200,1230,image/jpeg;charset=UTF-8,1780300582729,1,
986,yes,captchas_0986.jpg,200,1407,image/jpeg;charset=UTF-8,1780300582730,1,
987,yes,captchas_0987.jpg,200,1334,image/jpeg;charset=UTF-8,1780300582732,1,
988,yes,captchas_0988.jpg,200,1228,image/jpeg;charset=UTF-8,1780300582734,1,
989,yes,captchas_0989.jpg,200,1342,image/jpeg;charset=UTF-8,1780300582737,1,
990,yes,captchas_0990.jpg,200,1196,image/jpeg;charset=UTF-8,1780300582738,1,
991,yes,captchas_0991.jpg,200,1095,image/jpeg;charset=UTF-8,1780300582739,1,
992,yes,captchas_0992.jpg,200,1258,image/jpeg;charset=UTF-8,1780300582742,1,
993,yes,captchas_0993.jpg,200,1450,image/jpeg;charset=UTF-8,1780300582743,1,
994,yes,captchas_0994.jpg,200,1382,image/jpeg;charset=UTF-8,1780300582745,1,
995,yes,captchas_0995.jpg,200,1352,image/jpeg;charset=UTF-8,1780300582746,1,
996,yes,captchas_0996.jpg,200,1375,image/jpeg;charset=UTF-8,1780300582748,1,
997,yes,captchas_0997.jpg,200,1311,image/jpeg;charset=UTF-8,1780300582750,1,
998,yes,captchas_0998.jpg,200,1228,image/jpeg;charset=UTF-8,1780300582751,1,
999,yes,captchas_0999.jpg,200,1351,image/jpeg;charset=UTF-8,1780300582754,1,
1000,yes,captchas_1000.jpg,200,1353,image/jpeg;charset=UTF-8,1780300582755,1,
