path,label,raw_response,valid
data/raw/captcha_20260525_004938_1.png,PG1G,PG1G,1
data/raw/captcha_20260525_004943_2.png,SKMA,SKMA,1
data/raw/captcha_20260525_004948_3.png,06YV,06YV,1
data/raw/captcha_20260525_004953_4.png,zhs5,zhs5,1
data/raw/captcha_20260525_004958_5.png,CCAT,CCAT,1
data/raw/captcha_20260525_014652_000001.jpg,sebl,sebl,1
data/raw/captcha_20260525_014653_000002.jpg,RCWM,RCWM,1
data/raw/captcha_20260525_014730_000001.jpg,pwgl,pwgl,1
data/raw/captcha_20260525_014731_000002.jpg,0942,0942,1
data/raw/captcha_20260525_014732_000003.jpg,43kl,43kl,1
data/raw/captcha_20260525_014733_000004.jpg,lnp7,lnp7,1
data/raw/captcha_20260525_014734_000005.jpg,T39K,T39K,1
data/raw/captcha_20260525_014735_000006.jpg,xqsf,xqsf,1
data/raw/captcha_20260525_014736_000007.jpg,SAIT,SAIT,1
data/raw/captcha_20260525_014737_000008.jpg,3cqc,3cqc,1
data/raw/captcha_20260525_014738_000009.jpg,UR5N,UR5N,1
data/raw/captcha_20260525_014739_000010.jpg,EUCM,EUCM,1
data/raw/captcha_20260525_014740_000011.jpg,A561,A561,1
data/raw/captcha_20260525_014741_000012.jpg,8295,8295,1
data/raw/captcha_20260525_014742_000013.jpg,T22K,T22K,1
data/raw/captcha_20260525_014743_000014.jpg,9t7t,9t7t,1
data/raw/captcha_20260525_014744_000015.jpg,59VC,59VC,1
data/raw/captcha_20260525_014745_000016.jpg,A0T2,A0T2,1
data/raw/captcha_20260525_014746_000017.jpg,G201,G201,1
data/raw/captcha_20260525_014747_000018.jpg,D5KS,D5KS,1
data/raw/captcha_20260525_014748_000019.jpg,DKY7,DKY7,1
data/raw/captcha_20260525_014749_000020.jpg,chbk,chbk,1
data/raw/captcha_20260525_014750_000021.jpg,MXJJ,MXJJ,1
data/raw/captcha_20260525_014751_000022.jpg,B0QK,B0QK,1
data/raw/captcha_20260525_014752_000023.jpg,votv,votv,1
data/raw/captcha_20260525_014753_000024.jpg,vvnc,vvnc,1
data/raw/captcha_20260525_014754_000025.jpg,U12G,U12G,1
data/raw/captcha_20260525_014755_000026.jpg,SF6J,SF6J,1
data/raw/captcha_20260525_014756_000027.jpg,UKMT,UKMT,1
data/raw/captcha_20260525_014757_000028.jpg,FUYQ,FUYQ,1
data/raw/captcha_20260525_014758_000029.jpg,BF4F,BF4F,1
data/raw/captcha_20260525_014759_000030.jpg,TWYX,T W Y X,1
data/raw/captcha_20260525_014800_000031.jpg,sxck,sxck,1
data/raw/captcha_20260525_014801_000032.jpg,FV5A,FV5A,1
data/raw/captcha_20260525_014802_000033.jpg,b5h4,b5h4,1
data/raw/captcha_20260525_014803_000034.jpg,TLAR,TLAR,1
data/raw/captcha_20260525_014804_000035.jpg,01hx,01hx,1
data/raw/captcha_20260525_014805_000036.jpg,16c5,16c5,1
data/raw/captcha_20260525_014806_000037.jpg,V671,V671,1
data/raw/captcha_20260525_014807_000038.jpg,AZJO,AZJO,1
data/raw/captcha_20260525_014808_000039.jpg,8GFJ,8GFJ,1
data/raw/captcha_20260525_014809_000040.jpg,3R2A,3R2A,1
data/raw/captcha_20260525_014810_000041.jpg,NOGH,NOGH,1
data/raw/captcha_20260525_014811_000042.jpg,0047,0047,1
data/raw/captcha_20260525_014812_000043.jpg,itmu,itmu,1
data/raw/captcha_20260525_014813_000044.jpg,yb1s,yb1s,1
data/raw/captcha_20260525_014814_000045.jpg,S5JY,S5JY,1
data/raw/captcha_20260525_014815_000046.jpg,8lyb,8lyb,1
data/raw/captcha_20260525_014816_000047.jpg,QHP8,QHP8,1
data/raw/captcha_20260525_014817_000048.jpg,m4fc,m4fc,1
data/raw/captcha_20260525_014818_000049.jpg,hwwu,hwwu,1
data/raw/captcha_20260525_014819_000050.jpg,0goe,0goe,1
data/raw/captcha_20260525_014820_000051.jpg,BKsx,BKsx,1
data/raw/captcha_20260525_014821_000052.jpg,npds,npds,1
data/raw/captcha_20260525_014822_000053.jpg,DEFD,DEFD,1
data/raw/captcha_20260525_014823_000054.jpg,oonn,oonn,1
data/raw/captcha_20260525_014824_000055.jpg,U70G,U70G,1
data/raw/captcha_20260525_014825_000056.jpg,MPE6,MPE6,1
data/raw/captcha_20260525_014826_000057.jpg,GIOL,GI OL,1
data/raw/captcha_20260525_014827_000058.jpg,Y4W7,Y4W7,1
data/raw/captcha_20260525_014828_000059.jpg,SDV7,SDV7,1
data/raw/captcha_20260525_014829_000060.jpg,8Q57,8Q57,1
data/raw/captcha_20260525_014830_000061.jpg,A7BC,A7BC,1
data/raw/captcha_20260525_014831_000062.jpg,AFD4,AFD4,1
data/raw/captcha_20260525_014832_000063.jpg,8A05,8A05,1
data/raw/captcha_20260525_014833_000064.jpg,TBVO,TBVO,1
data/raw/captcha_20260525_014834_000065.jpg,TVY3,TVY3,1
data/raw/captcha_20260525_014835_000066.jpg,ZOEQ,ZOEQ,1
data/raw/captcha_20260525_014836_000067.jpg,,ＷＰ６Ｓ,0
data/raw/captcha_20260525_014837_000068.jpg,338c,338c,1
data/raw/captcha_20260525_014838_000069.jpg,37p2,37p2,1
data/raw/captcha_20260525_014839_000070.jpg,TA54,TA54,1
data/raw/captcha_20260525_014840_000071.jpg,FX4I,FX4I,1
data/raw/captcha_20260525_014841_000072.jpg,08cu,08cu,1
data/raw/captcha_20260525_014842_000073.jpg,E8K4,E8K4,1
data/raw/captcha_20260525_014843_000074.jpg,REZG,REZG,1
data/raw/captcha_20260525_014844_000075.jpg,GVMB,GVMB,1
data/raw/captcha_20260525_014845_000076.jpg,1508,1508,1
data/raw/captcha_20260525_014846_000077.jpg,AVZZ,AVZZ,1
data/raw/captcha_20260525_014847_000078.jpg,33yh,33yh,1
data/raw/captcha_20260525_014848_000079.jpg,GYBO,GYBO,1
data/raw/captcha_20260525_014849_000080.jpg,XQBT,XQBT,1
data/raw/captcha_20260525_014850_000081.jpg,F2CR,F2CR,1
data/raw/captcha_20260525_014851_000082.jpg,9m27,9m27,1
data/raw/captcha_20260525_014852_000083.jpg,A3SD,A3SD,1
data/raw/captcha_20260525_014853_000084.jpg,xfls,xfls,1
data/raw/captcha_20260525_014854_000085.jpg,AP2R,AP2R,1
data/raw/captcha_20260525_014855_000086.jpg,3ees,3ees,1
data/raw/captcha_20260525_014856_000087.jpg,BB9J,BB9J,1
data/raw/captcha_20260525_014857_000088.jpg,ek2t,ek2t,1
data/raw/captcha_20260525_014858_000089.jpg,C095,C095,1
data/raw/captcha_20260525_014859_000090.jpg,7xfj,7xfj,1
data/raw/captcha_20260525_014900_000091.jpg,c3a3,c3a3,1
data/raw/captcha_20260525_014901_000092.jpg,KH3W,KH3W,1
data/raw/captcha_20260525_014902_000093.jpg,V6E9,V6E9,1
data/raw/captcha_20260525_014903_000094.jpg,s146,s146,1
data/raw/captcha_20260525_014904_000095.jpg,4YVL,4YVL,1
data/raw/captcha_20260525_014905_000096.jpg,99ZG,99ZG,1
data/raw/captcha_20260525_014906_000097.jpg,z0V9,z0V9,1
data/raw/captcha_20260525_014907_000098.jpg,BYON,BYON,1
data/raw/captcha_20260525_014908_000099.jpg,AE9U,AE9U,1
data/raw/captcha_20260525_014909_000100.jpg,8VGZ,8VGZ,1
data/raw/captcha_20260525_014910_000101.jpg,QCLD,QCLD,1
data/raw/captcha_20260525_014911_000102.jpg,937Z,937Z,1
data/raw/captcha_20260525_014912_000103.jpg,18ko,18ko,1
data/raw/captcha_20260525_014913_000104.jpg,4EV8,4EV8,1
data/raw/captcha_20260525_014914_000105.jpg,454C,454C,1
data/raw/captcha_20260525_014915_000106.jpg,16M7,16M7,1
data/raw/captcha_20260525_014916_000107.jpg,NQXQ,NQXQ,1
data/raw/captcha_20260525_014917_000108.jpg,CDUR,CDUR,1
data/raw/captcha_20260525_014918_000109.jpg,4QN7,4QN7,1
data/raw/captcha_20260525_014919_000110.jpg,3el3,3el3,1
data/raw/captcha_20260525_014920_000111.jpg,rlj2,rlj2,1
data/raw/captcha_20260525_014921_000112.jpg,Z53J,Z53J,1
data/raw/captcha_20260525_014922_000113.jpg,3BQA,3BQA,1
data/raw/captcha_20260525_014923_000114.jpg,GN37,GN37,1
data/raw/captcha_20260525_014924_000115.jpg,3T0Z,3T0Z,1
data/raw/captcha_20260525_014925_000116.jpg,xzxn,xzxn,1
data/raw/captcha_20260525_014926_000117.jpg,LBLU,LBLU,1
data/raw/captcha_20260525_014927_000118.jpg,ocet,ocet,1
data/raw/captcha_20260525_014928_000119.jpg,NPWX,NPWX,1
data/raw/captcha_20260525_014929_000120.jpg,N626,N626,1
data/raw/captcha_20260525_014930_000121.jpg,C531,C531,1
data/raw/captcha_20260525_014931_000122.jpg,soex,soex,1
data/raw/captcha_20260525_014932_000123.jpg,sy9n,sy9n,1
data/raw/captcha_20260525_014933_000124.jpg,2re3,2re3,1
data/raw/captcha_20260525_014934_000125.jpg,VRMM,VRMM,1
data/raw/captcha_20260525_014935_000126.jpg,ON03,ON03,1
data/raw/captcha_20260525_014936_000127.jpg,TLVS,TLVS,1
data/raw/captcha_20260525_014937_000128.jpg,HBF3,HBF3,1
data/raw/captcha_20260525_014938_000129.jpg,NZUS,NZUS,1
data/raw/captcha_20260525_014939_000130.jpg,xwvr,xwvr,1
data/raw/captcha_20260525_014940_000131.jpg,0SSO,0SSO,1
data/raw/captcha_20260525_014941_000132.jpg,QMA1,QMA1,1
data/raw/captcha_20260525_014942_000133.jpg,GBRV,GBRV,1
data/raw/captcha_20260525_014943_000134.jpg,A3DE,A3DE,1
data/raw/captcha_20260525_014944_000135.jpg,lxkr,lxkr,1
data/raw/captcha_20260525_014945_000136.jpg,PHWR,PHWR,1
data/raw/captcha_20260525_014946_000137.jpg,LJSD,LJSD,1
data/raw/captcha_20260525_014947_000138.jpg,QBRQ,QBRQ,1
data/raw/captcha_20260525_014948_000139.jpg,D22,丨D22,0
data/raw/captcha_20260525_014949_000140.jpg,uheu,uheu,1
data/raw/captcha_20260525_014950_000141.jpg,pmom,pmom,1
data/raw/captcha_20260525_014951_000142.jpg,BZK9,BZK9,1
data/raw/captcha_20260525_014952_000143.jpg,ofs5,ofs5,1
data/raw/captcha_20260525_014953_000144.jpg,UNBV,UNBV,1
data/raw/captcha_20260525_014954_000145.jpg,6v24,6v24,1
data/raw/captcha_20260525_014955_000146.jpg,YWQH,YWQH,1
data/raw/captcha_20260525_014957_000147.jpg,Z1OB,Z1OB,1
data/raw/captcha_20260525_014958_000148.jpg,5K89,5K89,1
data/raw/captcha_20260525_014959_000149.jpg,dwfc,dwfc,1
data/raw/captcha_20260525_015000_000150.jpg,L9YE,L9YE,1
data/raw/captcha_20260525_015001_000151.jpg,5teq,5teq,1
data/raw/captcha_20260525_015002_000152.jpg,1ll2,1ll2,1
data/raw/captcha_20260525_015003_000153.jpg,JJ8M,JJ8M,1
data/raw/captcha_20260525_015004_000154.jpg,0721,0721,1
data/raw/captcha_20260525_015005_000155.jpg,X3B7,X3B7,1
data/raw/captcha_20260525_015006_000156.jpg,slje,slje,1
data/raw/captcha_20260525_015007_000157.jpg,JUZA,JUZA,1
data/raw/captcha_20260525_015008_000158.jpg,7qz7,7qz7,1
data/raw/captcha_20260525_015009_000159.jpg,E3J0,E3J0,1
data/raw/captcha_20260525_015010_000160.jpg,34DZ,34DZ,1
data/raw/captcha_20260525_015011_000161.jpg,1vfv,1vfv,1
data/raw/captcha_20260525_015012_000162.jpg,J8BP,J8BP,1
data/raw/captcha_20260525_015013_000163.jpg,OPRS,OPRS,1
data/raw/captcha_20260525_015014_000164.jpg,ULOG,ULOG,1
data/raw/captcha_20260525_015015_000165.jpg,909J,909J,1
data/raw/captcha_20260525_015016_000166.jpg,06x6,06x6,1
data/raw/captcha_20260525_015017_000167.jpg,5u2p,5u2p,1
data/raw/captcha_20260525_015018_000168.jpg,9jcq,9jcq,1
data/raw/captcha_20260525_015019_000169.jpg,GD5E,GD5E,1
data/raw/captcha_20260525_015020_000170.jpg,pxy4,pxy4,1
data/raw/captcha_20260525_015021_000171.jpg,4HIR,4HIR,1
data/raw/captcha_20260525_015022_000172.jpg,0M9Z,0M9Z,1
data/raw/captcha_20260525_015023_000173.jpg,KOQ9,KOQ9,1
data/raw/captcha_20260525_015024_000174.jpg,Y4MC,Y4MC,1
data/raw/captcha_20260525_015025_000175.jpg,OC2Z,OC2Z,1
data/raw/captcha_20260525_015026_000176.jpg,DA7X,DA7X,1
data/raw/captcha_20260525_015027_000177.jpg,RIGC,RIGC,1
data/raw/captcha_20260525_015028_000178.jpg,E6ZL,E6ZL,1
data/raw/captcha_20260525_015029_000179.jpg,T499,T499,1
data/raw/captcha_20260525_015030_000180.jpg,,ＷＱ３,0
data/raw/captcha_20260525_015031_000181.jpg,ssl6,ssl6,1
data/raw/captcha_20260525_015032_000182.jpg,v3ho,v3ho,1
data/raw/captcha_20260525_015033_000183.jpg,SD7Y,SD7Y,1
data/raw/captcha_20260525_015034_000184.jpg,woci,woci,1
data/raw/captcha_20260525_015035_000185.jpg,5118,5118,1
data/raw/captcha_20260525_015036_000186.jpg,11ag,11ag,1
data/raw/captcha_20260525_015037_000187.jpg,FP9I,FP9I,1
data/raw/captcha_20260525_015038_000188.jpg,3VZG,3VZG,1
data/raw/captcha_20260525_015039_000189.jpg,zyhr,zyhr,1
data/raw/captcha_20260525_015040_000190.jpg,3s5v,3s5v,1
data/raw/captcha_20260525_015041_000191.jpg,XQ5I,XQ5I,1
data/raw/captcha_20260525_015042_000192.jpg,AA69,AA69,1
data/raw/captcha_20260525_015043_000193.jpg,ZJDN,ZJDN,1
data/raw/captcha_20260525_015044_000194.jpg,SIC7,SIC7,1
data/raw/captcha_20260525_015045_000195.jpg,4YFM,4YFM,1
data/raw/captcha_20260525_015046_000196.jpg,fhfe,fhfe,1
data/raw/captcha_20260525_015047_000197.jpg,7kl1,7kl1,1
data/raw/captcha_20260525_015048_000198.jpg,u1cv,u1cv,1
data/raw/captcha_20260525_015049_000199.jpg,4DQH,4DQH,1
data/raw/captcha_20260525_015050_000200.jpg,6A9P,6A9P,1
data/raw/captcha_20260525_015051_000201.jpg,T52C,T52C,1
data/raw/captcha_20260525_015052_000202.jpg,demr,demr,1
data/raw/captcha_20260525_015053_000203.jpg,7EB4,7EB4,1
data/raw/captcha_20260525_015054_000204.jpg,ZIB8,ZIB8,1
data/raw/captcha_20260525_015055_000205.jpg,DRTM,DRTM,1
data/raw/captcha_20260525_015056_000206.jpg,UIXT,UIXT,1
data/raw/captcha_20260525_015057_000207.jpg,s1pp,s1pp,1
data/raw/captcha_20260525_015058_000208.jpg,MEHQ,MEHQ,1
data/raw/captcha_20260525_015059_000209.jpg,A0ZG,A0ZG,1
data/raw/captcha_20260525_015100_000210.jpg,L8Q8,L8Q8,1
data/raw/captcha_20260525_015101_000211.jpg,13nf,13nf,1
data/raw/captcha_20260525_015102_000212.jpg,23u2,23u2,1
data/raw/captcha_20260525_015103_000213.jpg,uq3y,uq3y,1
data/raw/captcha_20260525_015104_000214.jpg,SG7G,SG7G,1
data/raw/captcha_20260525_015105_000215.jpg,LRAJ,LRAJ,1
data/raw/captcha_20260525_015106_000216.jpg,Q4D5,Q4D5,1
data/raw/captcha_20260525_015107_000217.jpg,20lm,20lm,1
data/raw/captcha_20260525_015108_000218.jpg,R7C9,R7C9,1
data/raw/captcha_20260525_015109_000219.jpg,G8TW,G8TW,1
data/raw/captcha_20260525_015110_000220.jpg,KNH7,KNH7,1
data/raw/captcha_20260525_015111_000221.jpg,1220,1220,1
data/raw/captcha_20260525_015112_000222.jpg,RILL,RILL,1
data/raw/captcha_20260525_015113_000223.jpg,PZ43,PZ43,1
data/raw/captcha_20260525_015114_000224.jpg,JK9U,JK9U,1
data/raw/captcha_20260525_015115_000225.jpg,1y4z,1y4z,1
data/raw/captcha_20260525_015116_000226.jpg,nohd,nohd,1
data/raw/captcha_20260525_015117_000227.jpg,pzxz,pzxz,1
data/raw/captcha_20260525_015118_000228.jpg,S8ZX,S8ZX,1
data/raw/captcha_20260525_015119_000229.jpg,zhmk,zhmk,1
data/raw/captcha_20260525_015120_000230.jpg,8h1j,8h1j,1
data/raw/captcha_20260525_015121_000231.jpg,TWX8,TWX8,1
data/raw/captcha_20260525_015122_000232.jpg,znwk,znwk,1
data/raw/captcha_20260525_015123_000233.jpg,jdrv,jdrv,1
data/raw/captcha_20260525_015124_000234.jpg,8maq,8maq,1
data/raw/captcha_20260525_015125_000235.jpg,UJ2Y,UJ2Y,1
data/raw/captcha_20260525_015126_000236.jpg,3ltf,3ltf,1
data/raw/captcha_20260525_015127_000237.jpg,SDBA,SDBA,1
data/raw/captcha_20260525_015128_000238.jpg,X624,X624,1
data/raw/captcha_20260525_015129_000239.jpg,CJTR, CJTR,1
data/raw/captcha_20260525_015130_000240.jpg,JHVN,JHVN,1
data/raw/captcha_20260525_015131_000241.jpg,11wr,11wr,1
data/raw/captcha_20260525_015132_000242.jpg,P66M,P66M,1
data/raw/captcha_20260525_015133_000243.jpg,T6IR,T6IR,1
data/raw/captcha_20260525_015134_000244.jpg,643s,643s,1
data/raw/captcha_20260525_015135_000245.jpg,5rtt,5rtt,1
data/raw/captcha_20260525_015136_000246.jpg,09UZ,09UZ,1
data/raw/captcha_20260525_015137_000247.jpg,7sgf,7sgf,1
data/raw/captcha_20260525_015138_000248.jpg,46ep,46ep,1
data/raw/captcha_20260525_015139_000249.jpg,K3NL,K3NL,1
data/raw/captcha_20260525_015140_000250.jpg,4l2a,4l2a,1
data/raw/captcha_20260525_015141_000251.jpg,lw27,lw27,1
data/raw/captcha_20260525_015142_000252.jpg,EPEB,EPEB,1
data/raw/captcha_20260525_015143_000253.jpg,UR6Q,UR6Q,1
data/raw/captcha_20260525_015144_000254.jpg,wfar,wfar,1
data/raw/captcha_20260525_015145_000255.jpg,,ＷＬ４２,0
data/raw/captcha_20260525_015146_000256.jpg,jbl8,jbl8,1
data/raw/captcha_20260525_015147_000257.jpg,psnw,psnw,1
data/raw/captcha_20260525_015148_000258.jpg,TPI3,TPI3,1
data/raw/captcha_20260525_015149_000259.jpg,t7fr,t7fr,1
data/raw/captcha_20260525_015150_000260.jpg,UDQQ,UDQQ,1
data/raw/captcha_20260525_015151_000261.jpg,KRYM,KRYM,1
data/raw/captcha_20260525_015152_000262.jpg,jteo,jteo,1
data/raw/captcha_20260525_015153_000263.jpg,VMZH,VMZH,1
data/raw/captcha_20260525_015154_000264.jpg,SKBT,SKBT,1
data/raw/captcha_20260525_015155_000265.jpg,t3pe,t3pe,1
data/raw/captcha_20260525_015156_000266.jpg,EA08,EA08,1
data/raw/captcha_20260525_015157_000267.jpg,SKDA,SKDA,1
data/raw/captcha_20260525_015158_000268.jpg,4yls,4yls,1
data/raw/captcha_20260525_015159_000269.jpg,7dak,7dak,1
data/raw/captcha_20260525_015200_000270.jpg,PKJV,PKJV,1
data/raw/captcha_20260525_015201_000271.jpg,oerv,oerv,1
data/raw/captcha_20260525_015202_000272.jpg,cw3,cw3,0
data/raw/captcha_20260525_015203_000273.jpg,Z209,Z209,1
data/raw/captcha_20260525_015204_000274.jpg,2keo,2keo,1
data/raw/captcha_20260525_015205_000275.jpg,QK2U,QK2U,1
data/raw/captcha_20260525_015206_000276.jpg,zrp4,zrp4,1
data/raw/captcha_20260525_015207_000277.jpg,Y2HH,Y2HH,1
data/raw/captcha_20260525_015208_000278.jpg,3wm4,3wm4,1
data/raw/captcha_20260525_015209_000279.jpg,w64x,w64x,1
data/raw/captcha_20260525_015210_000280.jpg,UNAT,UNAT,1
data/raw/captcha_20260525_015211_000281.jpg,tes2,tes2,1
data/raw/captcha_20260525_015212_000282.jpg,wpuy,wpuy,1
data/raw/captcha_20260525_015213_000283.jpg,77le,77le,1
data/raw/captcha_20260525_015214_000284.jpg,hjlx,hjlx,1
data/raw/captcha_20260525_015215_000285.jpg,YAMO,YAMO,1
data/raw/captcha_20260525_015216_000286.jpg,il1t,il1t,1
data/raw/captcha_20260525_015217_000287.jpg,T9GH,T9GH,1
data/raw/captcha_20260525_015218_000288.jpg,K7P5,K7P5,1
data/raw/captcha_20260525_015219_000289.jpg,D1YB,D1YB,1
data/raw/captcha_20260525_015220_000290.jpg,HQE5,HQE5,1
data/raw/captcha_20260525_015221_000291.jpg,08bz,08bz,1
data/raw/captcha_20260525_015222_000292.jpg,LKJ7,LKJ7,1
data/raw/captcha_20260525_015223_000293.jpg,cqej,cqej,1
data/raw/captcha_20260525_015224_000294.jpg,C83L,C83L,1
data/raw/captcha_20260525_015225_000295.jpg,wb85,wb85,1
data/raw/captcha_20260525_015226_000296.jpg,6G70,6G70,1
data/raw/captcha_20260525_015227_000297.jpg,ZYCA,ZYCA,1
data/raw/captcha_20260525_015228_000298.jpg,RJ94,RJ94,1
data/raw/captcha_20260525_015229_000299.jpg,foez,foez,1
data/raw/captcha_20260525_015230_000300.jpg,T248,T248,1
data/raw/captcha_20260525_015231_000301.jpg,SP58,SP58,1
data/raw/captcha_20260525_015232_000302.jpg,ZONR,ZONR,1
data/raw/captcha_20260525_015233_000303.jpg,UVD6,UVD6,1
data/raw/captcha_20260525_015234_000304.jpg,2wl1,2wl1,1
data/raw/captcha_20260525_015235_000305.jpg,9ebs,9ebs,1
data/raw/captcha_20260525_015236_000306.jpg,5niu,5niu,1
data/raw/captcha_20260525_015237_000307.jpg,4spg,4spg,1
data/raw/captcha_20260525_015238_000308.jpg,E1ZZ,E1ZZ,1
data/raw/captcha_20260525_015239_000309.jpg,cyu3,cyu3,1
data/raw/captcha_20260525_015240_000310.jpg,FDLE,FDLE,1
data/raw/captcha_20260525_015241_000311.jpg,3vx6,3vx6,1
data/raw/captcha_20260525_015242_000312.jpg,,ＤＶＮ９,0
data/raw/captcha_20260525_015243_000313.jpg,ncaw,ncaw,1
data/raw/captcha_20260525_015244_000314.jpg,OZUG,OZUG,1
data/raw/captcha_20260525_015245_000315.jpg,ijtt,ijtt,1
data/raw/captcha_20260525_015246_000316.jpg,DBYE,DBYE,1
data/raw/captcha_20260525_015247_000317.jpg,60PO,60PO,1
data/raw/captcha_20260525_015248_000318.jpg,U00P,U00P,1
data/raw/captcha_20260525_015249_000319.jpg,689A,689A,1
data/raw/captcha_20260525_015250_000320.jpg,uqom,uqom,1
data/raw/captcha_20260525_015251_000321.jpg,BFON,BFON,1
data/raw/captcha_20260525_015252_000322.jpg,HQJQ,HQJQ,1
data/raw/captcha_20260525_015253_000323.jpg,125x,125x,1
data/raw/captcha_20260525_015254_000324.jpg,E1DV,E1DV,1
data/raw/captcha_20260525_015255_000325.jpg,M975,M975,1
data/raw/captcha_20260525_015256_000326.jpg,BPPO,BPPO,1
data/raw/captcha_20260525_015257_000327.jpg,92QI,92QI,1
data/raw/captcha_20260525_015258_000328.jpg,IHXU,IHXU,1
data/raw/captcha_20260525_015259_000329.jpg,PJKQ,PJKQ,1
data/raw/captcha_20260525_015300_000330.jpg,OEAE,OEAE,1
data/raw/captcha_20260525_015301_000331.jpg,p316,p316,1
data/raw/captcha_20260525_015302_000332.jpg,OW53,OW53,1
data/raw/captcha_20260525_015303_000333.jpg,nhv9,nhv9,1
data/raw/captcha_20260525_015304_000334.jpg,UK4G,UK4G,1
data/raw/captcha_20260525_015305_000335.jpg,EQOA,EQOA,1
data/raw/captcha_20260525_015306_000336.jpg,Y26T,Y26T,1
data/raw/captcha_20260525_015307_000337.jpg,2x5c,2x5c,1
data/raw/captcha_20260525_015308_000338.jpg,rfnv,rfnv,1
data/raw/captcha_20260525_015309_000339.jpg,PA7T,PA7T,1
data/raw/captcha_20260525_015310_000340.jpg,7rq3,7rq3,1
data/raw/captcha_20260525_015311_000341.jpg,TBNP,TBNP,1
data/raw/captcha_20260525_015312_000342.jpg,51fx,51fx,1
data/raw/captcha_20260525_015313_000343.jpg,SMJ7,SMJ7,1
data/raw/captcha_20260525_015314_000344.jpg,9L29,9L29,1
data/raw/captcha_20260525_015315_000345.jpg,s308,s308,1
data/raw/captcha_20260525_015316_000346.jpg,4cxz,4cxz,1
data/raw/captcha_20260525_015317_000347.jpg,w0p3,w0p3,1
data/raw/captcha_20260525_015318_000348.jpg,9hi,9hi,0
data/raw/captcha_20260525_015319_000349.jpg,NQ16,NQ16,1
data/raw/captcha_20260525_015320_000350.jpg,PU3Q,PU3Q,1
data/raw/captcha_20260525_015321_000351.jpg,PPL3,PPL3,1
data/raw/captcha_20260525_015322_000352.jpg,M1HW,M1HW,1
data/raw/captcha_20260525_015323_000353.jpg,Q84P,Q84P,1
data/raw/captcha_20260525_015324_000354.jpg,KDUW,KDUW,1
data/raw/captcha_20260525_015325_000355.jpg,RHAS,RHAS,1
data/raw/captcha_20260525_015326_000356.jpg,3y5l,3y5l,1
data/raw/captcha_20260525_015327_000357.jpg,3gcg,3gcg,1
data/raw/captcha_20260525_015328_000358.jpg,lafn,lafn,1
data/raw/captcha_20260525_015329_000359.jpg,K78A,K78A,1
data/raw/captcha_20260525_015330_000360.jpg,6n5u,6n5u,1
data/raw/captcha_20260525_015331_000361.jpg,opeb,opeb,1
data/raw/captcha_20260525_015332_000362.jpg,Fhry,Fhry,1
data/raw/captcha_20260525_015333_000363.jpg,3YWX,3YWX,1
data/raw/captcha_20260525_015334_000364.jpg,7tis,7tis,1
data/raw/captcha_20260525_015335_000365.jpg,IFFG,IFFG,1
data/raw/captcha_20260525_015336_000366.jpg,ihcq,ihcq,1
data/raw/captcha_20260525_015337_000367.jpg,HNE2,HNE2,1
data/raw/captcha_20260525_015338_000368.jpg,AS5J,AS5J,1
data/raw/captcha_20260525_015339_000369.jpg,,ＶＧ６０,0
data/raw/captcha_20260525_015340_000370.jpg,BP7X,BP7X,1
data/raw/captcha_20260525_015341_000371.jpg,G2LX,G2LX,1
data/raw/captcha_20260525_015342_000372.jpg,yh3b,yh3b,1
data/raw/captcha_20260525_015343_000373.jpg,ICA1,ICA1,1
data/raw/captcha_20260525_015344_000374.jpg,w4bs,w4bs,1
data/raw/captcha_20260525_015345_000375.jpg,0MX8,0MX8,1
data/raw/captcha_20260525_015346_000376.jpg,vv18,vv18,1
data/raw/captcha_20260525_015347_000377.jpg,vkmt,vkmt,1
data/raw/captcha_20260525_015348_000378.jpg,45b2,45b2,1
data/raw/captcha_20260525_015349_000379.jpg,04xm,04xm,1
data/raw/captcha_20260525_015350_000380.jpg,obsi,obsi,1
data/raw/captcha_20260525_015351_000381.jpg,U2QI,U2QI,1
data/raw/captcha_20260525_015352_000382.jpg,ZPEY,ZPEY,1
data/raw/captcha_20260525_015353_000383.jpg,4nbm,4nbm,1
data/raw/captcha_20260525_015354_000384.jpg,qxvs,qxvs,1
data/raw/captcha_20260525_015355_000385.jpg,wynw,wy nw,1
data/raw/captcha_20260525_015356_000386.jpg,RD96,RD96,1
data/raw/captcha_20260525_015357_000387.jpg,5vqc,5vqc,1
data/raw/captcha_20260525_015358_000388.jpg,AJW6,AJW6,1
data/raw/captcha_20260525_015359_000389.jpg,7chy,7chy,1
data/raw/captcha_20260525_015400_000390.jpg,wpni,wpni,1
data/raw/captcha_20260525_015401_000391.jpg,ukql,ukql,1
data/raw/captcha_20260525_015402_000392.jpg,jnum,jnum,1
data/raw/captcha_20260525_015403_000393.jpg,V619,V619,1
data/raw/captcha_20260525_015404_000394.jpg,TVIU,TVIU,1
data/raw/captcha_20260525_015405_000395.jpg,9NTG,9NTG,1
data/raw/captcha_20260525_015406_000396.jpg,,ＣＮ８０,0
data/raw/captcha_20260525_015407_000397.jpg,daty, daty,1
data/raw/captcha_20260525_015408_000398.jpg,5hmt,5hmt,1
data/raw/captcha_20260525_015409_000399.jpg,ujwi,ujwi,1
data/raw/captcha_20260525_015410_000400.jpg,vjge,vjge,1
data/raw/captcha_20260525_015411_000401.jpg,NPGE,NPGE,1
data/raw/captcha_20260525_015412_000402.jpg,TQ3J,TQ3J,1
data/raw/captcha_20260525_015413_000403.jpg,V4PT,V4PT,1
data/raw/captcha_20260525_015414_000404.jpg,lool,lool,1
data/raw/captcha_20260525_015415_000405.jpg,88sg,88sg,1
data/raw/captcha_20260525_015416_000406.jpg,NBm8,NBm8,1
data/raw/captcha_20260525_015417_000407.jpg,9QJG,9QJG,1
data/raw/captcha_20260525_015418_000408.jpg,Q27R,Q27R,1
data/raw/captcha_20260525_015419_000409.jpg,8h4n,8h4n,1
data/raw/captcha_20260525_015420_000410.jpg,p6c5,p6c5,1
data/raw/captcha_20260525_015421_000411.jpg,UN6A,UN6A,1
data/raw/captcha_20260525_015422_000412.jpg,zinz,zinz,1
data/raw/captcha_20260525_015423_000413.jpg,US39,US39,1
data/raw/captcha_20260525_015424_000414.jpg,7IAU,7IAU,1
data/raw/captcha_20260525_015425_000415.jpg,,ＩＧＡ６,0
data/raw/captcha_20260525_015426_000416.jpg,MDAB,MDAB,1
data/raw/captcha_20260525_015427_000417.jpg,SKUN,SKUN,1
data/raw/captcha_20260525_015428_000418.jpg,F01V,F01V,1
data/raw/captcha_20260525_015429_000419.jpg,w9gb,w9gb,1
data/raw/captcha_20260525_015430_000420.jpg,ONQR,ONQR,1
data/raw/captcha_20260525_015431_000421.jpg,x7t7,x7t7,1
data/raw/captcha_20260525_015432_000422.jpg,idtW,idtW,1
data/raw/captcha_20260525_015433_000423.jpg,APCD,APCD,1
data/raw/captcha_20260525_015434_000424.jpg,DDKM,DDKM,1
data/raw/captcha_20260525_015435_000425.jpg,vzwr,vzwr,1
data/raw/captcha_20260525_015436_000426.jpg,wms4,wms4,1
data/raw/captcha_20260525_015437_000427.jpg,SK3D,SK3D,1
data/raw/captcha_20260525_015438_000428.jpg,2dx4,2dx4,1
data/raw/captcha_20260525_015439_000429.jpg,HHTU,HHTU,1
data/raw/captcha_20260525_015440_000430.jpg,U6JV,U6JV,1
data/raw/captcha_20260525_015441_000431.jpg,1cmu,1cmu,1
data/raw/captcha_20260525_015442_000432.jpg,7JOW,7JOW,1
data/raw/captcha_20260525_015443_000433.jpg,50ly,50ly,1
data/raw/captcha_20260525_015444_000434.jpg,E70C,E70C,1
data/raw/captcha_20260525_015445_000435.jpg,KFkj,KFkj,1
data/raw/captcha_20260525_015446_000436.jpg,MNQD,MNQD,1
data/raw/captcha_20260525_015447_000437.jpg,GLRQ,GLRQ,1
data/raw/captcha_20260525_015448_000438.jpg,THMA,THMA,1
data/raw/captcha_20260525_015449_000439.jpg,137v,137v,1
data/raw/captcha_20260525_015450_000440.jpg,8GOG,8GOG,1
data/raw/captcha_20260525_015451_000441.jpg,YCP1,YCP1,1
data/raw/captcha_20260525_015452_000442.jpg,DZC9,DZC9,1
data/raw/captcha_20260525_015453_000443.jpg,AMZF,AMZF,1
data/raw/captcha_20260525_015454_000444.jpg,L003,L003,1
data/raw/captcha_20260525_015455_000445.jpg,R4YM,R4YM,1
data/raw/captcha_20260525_015456_000446.jpg,,ＯＭ８Ｋ,0
data/raw/captcha_20260525_015457_000447.jpg,EJ5T,EJ5T,1
data/raw/captcha_20260525_015458_000448.jpg,P03X,P03X,1
data/raw/captcha_20260525_015459_000449.jpg,pbir,pbir,1
data/raw/captcha_20260525_015500_000450.jpg,ervz,ervz,1
data/raw/captcha_20260525_015501_000451.jpg,1YJN,1YJN,1
data/raw/captcha_20260525_015502_000452.jpg,,ＢＳＰ４,0
data/raw/captcha_20260525_015503_000453.jpg,R83X,R83X,1
data/raw/captcha_20260525_015504_000454.jpg,5qix,5qix,1
data/raw/captcha_20260525_015505_000455.jpg,6OTO,6OTO,1
data/raw/captcha_20260525_015506_000456.jpg,8FBU,8FBU,1
data/raw/captcha_20260525_015507_000457.jpg,Y6YR,Y6YR,1
data/raw/captcha_20260525_015508_000458.jpg,puhn,puhn,1
data/raw/captcha_20260525_015509_000459.jpg,P601,P601,1
data/raw/captcha_20260525_015510_000460.jpg,VG1H,VG1H,1
data/raw/captcha_20260525_015511_000461.jpg,6919,6919,1
data/raw/captcha_20260525_015512_000462.jpg,6AGV,6AGV,1
data/raw/captcha_20260525_015513_000463.jpg,496u,496u,1
data/raw/captcha_20260525_015514_000464.jpg,hwnm,hwnm,1
data/raw/captcha_20260525_015515_000465.jpg,l7ld,l7ld,1
data/raw/captcha_20260525_015516_000466.jpg,nhzn,nhzn,1
data/raw/captcha_20260525_015517_000467.jpg,E3D5,E3D5,1
data/raw/captcha_20260525_015518_000468.jpg,YL8P,YL8P,1
data/raw/captcha_20260525_015519_000469.jpg,J72G,J72G,1
data/raw/captcha_20260525_015520_000470.jpg,HGTY,HGTY,1
data/raw/captcha_20260525_015521_000471.jpg,sx15,sx15,1
data/raw/captcha_20260525_015522_000472.jpg,ZH5S,ZH5S,1
data/raw/captcha_20260525_015523_000473.jpg,lqys,lqys,1
data/raw/captcha_20260525_015524_000474.jpg,E8QU,E8QU,1
data/raw/captcha_20260525_015525_000475.jpg,yoxp,yoxp,1
data/raw/captcha_20260525_015526_000476.jpg,YKZM,YKZM,1
data/raw/captcha_20260525_015527_000477.jpg,hocn,hocn,1
data/raw/captcha_20260525_015528_000478.jpg,T6SC,T6SC,1
data/raw/captcha_20260525_015529_000479.jpg,31X1,31X1,1
data/raw/captcha_20260525_015530_000480.jpg,MRZP,MRZP,1
data/raw/captcha_20260525_015531_000481.jpg,5xx1,5xx1,1
data/raw/captcha_20260525_015532_000482.jpg,9cft,9cft,1
data/raw/captcha_20260525_015533_000483.jpg,L9R6,L9R6,1
data/raw/captcha_20260525_015534_000484.jpg,mosj,mosj,1
data/raw/captcha_20260525_015535_000485.jpg,FZLT,FZLT,1
data/raw/captcha_20260525_015536_000486.jpg,9790,9790,1
data/raw/captcha_20260525_015537_000487.jpg,AZWM,AZWM,1
data/raw/captcha_20260525_015538_000488.jpg,MVYP,MVYP,1
data/raw/captcha_20260525_015539_000489.jpg,511,51ⅹ1,0
data/raw/captcha_20260525_015540_000490.jpg,,ＳＬ２０,0
data/raw/captcha_20260525_015541_000491.jpg,,ＬＮ０５,0
data/raw/captcha_20260525_015542_000492.jpg,YIF6,YIF6,1
data/raw/captcha_20260525_015543_000493.jpg,cls5,cls5,1
data/raw/captcha_20260525_015544_000494.jpg,8rm3,8rm3,1
data/raw/captcha_20260525_015545_000495.jpg,ik4n,ik4n,1
data/raw/captcha_20260525_015546_000496.jpg,ohb2,ohb2,1
data/raw/captcha_20260525_015547_000497.jpg,1cik,1cik,1
data/raw/captcha_20260525_015548_000498.jpg,YD24,YD24,1
data/raw/captcha_20260525_015549_000499.jpg,sy80,sy80,1
data/raw/captcha_20260525_015550_000500.jpg,23y5,23y5,1
data/raw/captcha_20260525_015551_000501.jpg,FDH1,FDH1,1
data/raw/captcha_20260525_015552_000502.jpg,Y2KQ,Y2KQ,1
data/raw/captcha_20260525_015553_000503.jpg,MIQ3,MIQ3,1
data/raw/captcha_20260525_015554_000504.jpg,G6NZ,G6NZ,1
data/raw/captcha_20260525_015555_000505.jpg,PJ8T,PJ8T,1
data/raw/captcha_20260525_015556_000506.jpg,YCG3,YCG3,1
data/raw/captcha_20260525_015557_000507.jpg,B6OC,B6OC,1
data/raw/captcha_20260525_015558_000508.jpg,6lbs,6lbs,1
data/raw/captcha_20260525_015559_000509.jpg,D69A,D69A,1
data/raw/captcha_20260525_015600_000510.jpg,5k7t,5k7t,1
data/raw/captcha_20260525_015601_000511.jpg,32x2,32x2,1
data/raw/captcha_20260525_015602_000512.jpg,FYTK,FYTK,1
data/raw/captcha_20260525_015603_000513.jpg,T6A7,T6A7,1
data/raw/captcha_20260525_015604_000514.jpg,DMZO,DMZO,1
data/raw/captcha_20260525_015605_000515.jpg,63DZ,63DZ,1
data/raw/captcha_20260525_015606_000516.jpg,FV4T,FV4T,1
data/raw/captcha_20260525_015607_000517.jpg,rg2s,rg2s,1
data/raw/captcha_20260525_015608_000518.jpg,BRC1,BRC1,1
data/raw/captcha_20260525_015609_000519.jpg,pcvj,pcvj,1
data/raw/captcha_20260525_015610_000520.jpg,xysf,xysf,1
data/raw/captcha_20260525_015611_000521.jpg,651N,651N,1
data/raw/captcha_20260525_015612_000522.jpg,IQ63,IQ63,1
data/raw/captcha_20260525_015613_000523.jpg,Dyy5,Dyy5,1
data/raw/captcha_20260525_015614_000524.jpg,AC5D,AC5D,1
data/raw/captcha_20260525_015615_000525.jpg,ID2Z,ID2Z,1
data/raw/captcha_20260525_015616_000526.jpg,HD00,HD00,1
data/raw/captcha_20260525_015617_000527.jpg,X665,X665,1
data/raw/captcha_20260525_015618_000528.jpg,7cyr,7cyr,1
data/raw/captcha_20260525_015619_000529.jpg,189m,189m,1
data/raw/captcha_20260525_015620_000530.jpg,onkp,onkp,1
data/raw/captcha_20260525_015621_000531.jpg,wvwx,wvwx,1
data/raw/captcha_20260525_015622_000532.jpg,EF9Q,EF9Q,1
data/raw/captcha_20260525_015623_000533.jpg,s4cx,s4cx,1
data/raw/captcha_20260525_015624_000534.jpg,DE8U,DE8U,1
data/raw/captcha_20260525_015625_000535.jpg,R81A,R81A,1
data/raw/captcha_20260525_015626_000536.jpg,eroo,eroo,1
data/raw/captcha_20260525_015627_000537.jpg,NG4T,NG4T,1
data/raw/captcha_20260525_015628_000538.jpg,92EJ,92EJ,1
data/raw/captcha_20260525_015629_000539.jpg,CHF0,CHF0,1
data/raw/captcha_20260525_015630_000540.jpg,AN8A,AN8A,1
data/raw/captcha_20260525_015631_000541.jpg,09UL,09UL,1
data/raw/captcha_20260525_015632_000542.jpg,UI3F,UI3F,1
data/raw/captcha_20260525_015633_000543.jpg,4nht,4nht,1
data/raw/captcha_20260525_015634_000544.jpg,1vdf,1vdf,1
data/raw/captcha_20260525_015635_000545.jpg,MXZM,MXZM,1
data/raw/captcha_20260525_015636_000546.jpg,QA3I,QA3I,1
data/raw/captcha_20260525_015637_000547.jpg,ucgc,ucgc,1
data/raw/captcha_20260525_015638_000548.jpg,B1HJ,B1HJ,1
data/raw/captcha_20260525_015639_000549.jpg,T6V3,T6V3,1
data/raw/captcha_20260525_015640_000550.jpg,xuup,xuup,1
data/raw/captcha_20260525_015641_000551.jpg,,ＯＲ２Ｘ,0
data/raw/captcha_20260525_015642_000552.jpg,JJ6V,JJ6V,1
data/raw/captcha_20260525_015643_000553.jpg,7uv8,7uv8,1
data/raw/captcha_20260525_015644_000554.jpg,411h,411h,1
data/raw/captcha_20260525_015645_000555.jpg,A75W,A75W,1
data/raw/captcha_20260525_015646_000556.jpg,yvqz,yvqz,1
data/raw/captcha_20260525_015647_000557.jpg,oebu,oebu,1
data/raw/captcha_20260525_015648_000558.jpg,pnbg,pnbg,1
data/raw/captcha_20260525_015649_000559.jpg,H613,H613,1
data/raw/captcha_20260525_015650_000560.jpg,M108,M108,1
data/raw/captcha_20260525_015651_000561.jpg,9J1T,9J1T,1
data/raw/captcha_20260525_015652_000562.jpg,XM7N,XM7N,1
data/raw/captcha_20260525_015653_000563.jpg,hopf,hopf,1
data/raw/captcha_20260525_015654_000564.jpg,NMK2,NMK2,1
data/raw/captcha_20260525_015655_000565.jpg,w4e5,w4e5,1
data/raw/captcha_20260525_015656_000566.jpg,XDGO,XDGO,1
data/raw/captcha_20260525_015657_000567.jpg,2yx0,2yx0,1
data/raw/captcha_20260525_015658_000568.jpg,PAL3,PAL3,1
data/raw/captcha_20260525_015659_000569.jpg,YBP1,YBP1,1
data/raw/captcha_20260525_015700_000570.jpg,TAY7,TAY7,1
data/raw/captcha_20260525_015701_000571.jpg,wut1,wut1,1
data/raw/captcha_20260525_015702_000572.jpg,cssq,cssq,1
data/raw/captcha_20260525_015703_000573.jpg,UZA3,UZA3,1
data/raw/captcha_20260525_015704_000574.jpg,XOGF,XOGF,1
data/raw/captcha_20260525_015705_000575.jpg,L018,L018,1
data/raw/captcha_20260525_015706_000576.jpg,G4DW,G4DW,1
data/raw/captcha_20260525_015707_000577.jpg,SMKI,SMKI,1
data/raw/captcha_20260525_015708_000578.jpg,se2g,se2g,1
data/raw/captcha_20260525_015709_000579.jpg,EDHK,EDHK,1
data/raw/captcha_20260525_015710_000580.jpg,1261,1261,1
data/raw/captcha_20260525_015711_000581.jpg,2cb4,2cb4,1
data/raw/captcha_20260525_015712_000582.jpg,lwcl,lwcl,1
data/raw/captcha_20260525_015713_000583.jpg,IEH9,I EH9,1
data/raw/captcha_20260525_015714_000584.jpg,ZMVK,ZMVK,1
data/raw/captcha_20260525_015715_000585.jpg,IL5W,IL5W,1
data/raw/captcha_20260525_015716_000586.jpg,21r0,21r0,1
data/raw/captcha_20260525_015717_000587.jpg,19UO,19UO,1
data/raw/captcha_20260525_015718_000588.jpg,KCZA,KCZA,1
data/raw/captcha_20260525_015719_000589.jpg,NMBL,NMBL,1
data/raw/captcha_20260525_015720_000590.jpg,CKMB,CKMB,1
data/raw/captcha_20260525_015721_000591.jpg,wiah,wia h,1
data/raw/captcha_20260525_015722_000592.jpg,G145,G145,1
data/raw/captcha_20260525_015723_000593.jpg,2LYO,2LYO,1
data/raw/captcha_20260525_015724_000594.jpg,G8J0,G8J0,1
data/raw/captcha_20260525_015725_000595.jpg,OEW8,OE W8,1
data/raw/captcha_20260525_015726_000596.jpg,1tg2,1tg2,1
data/raw/captcha_20260525_015727_000597.jpg,YTCA,YTCA,1
data/raw/captcha_20260525_015728_000598.jpg,Y86H,Y86H,1
data/raw/captcha_20260525_015729_000599.jpg,VDI8,VDI8,1
data/raw/captcha_20260525_015730_000600.jpg,0s3t,0s3t,1
data/raw/captcha_20260525_015731_000601.jpg,zy63,zy63,1
data/raw/captcha_20260525_015732_000602.jpg,9F3W,9F3W,1
data/raw/captcha_20260525_015733_000603.jpg,5775,5775,1
data/raw/captcha_20260525_015734_000604.jpg,5G80,5G80,1
data/raw/captcha_20260525_015735_000605.jpg,8ZUJ,8ZUJ,1
data/raw/captcha_20260525_015736_000606.jpg,49w4,49w4,1
data/raw/captcha_20260525_015737_000607.jpg,1T09,1T09,1
data/raw/captcha_20260525_015738_000608.jpg,EU85,EU85,1
data/raw/captcha_20260525_015739_000609.jpg,RCUP,RCUP,1
data/raw/captcha_20260525_015740_000610.jpg,Poft,Poft,1
data/raw/captcha_20260525_015741_000611.jpg,N41Z,N41Z,1
data/raw/captcha_20260525_015742_000612.jpg,81hc,81hc,1
data/raw/captcha_20260525_015743_000613.jpg,,ＥＦ２３,0
data/raw/captcha_20260525_015744_000614.jpg,KXG2,KX G2,1
data/raw/captcha_20260525_015745_000615.jpg,Y51H,Y51H,1
data/raw/captcha_20260525_015746_000616.jpg,8163,8163,1
data/raw/captcha_20260525_015747_000617.jpg,2ADJ,2ADJ,1
data/raw/captcha_20260525_015748_000618.jpg,MNSJ,MNSJ,1
data/raw/captcha_20260525_015749_000619.jpg,M024,M024,1
data/raw/captcha_20260525_015750_000620.jpg,OUAJ,OUAJ,1
data/raw/captcha_20260525_015751_000621.jpg,xckv,xckv,1
data/raw/captcha_20260525_015752_000622.jpg,L4YI,L4YI,1
data/raw/captcha_20260525_015753_000623.jpg,G8BW,G8BW,1
data/raw/captcha_20260525_015754_000624.jpg,cnjr,cnjr,1
data/raw/captcha_20260525_015755_000625.jpg,6QZN,6QZN,1
data/raw/captcha_20260525_015756_000626.jpg,BEH8,BEH8,1
data/raw/captcha_20260525_015757_000627.jpg,11e8,11e8,1
data/raw/captcha_20260525_015758_000628.jpg,TQOY,TQOY,1
data/raw/captcha_20260525_015759_000629.jpg,YD5J,YD5J,1
data/raw/captcha_20260525_015800_000630.jpg,TH1N,TH1N,1
data/raw/captcha_20260525_015801_000631.jpg,EDBF,EDBF,1
data/raw/captcha_20260525_015802_000632.jpg,muxr,muxr,1
data/raw/captcha_20260525_015803_000633.jpg,7z0k,7z0k,1
data/raw/captcha_20260525_015804_000634.jpg,T206,T206,1
data/raw/captcha_20260525_015805_000635.jpg,EGC3,EGC3,1
data/raw/captcha_20260525_015806_000636.jpg,vglu,vglu,1
data/raw/captcha_20260525_015807_000637.jpg,71q5,71q5,1
data/raw/captcha_20260525_015808_000638.jpg,0FXO,0FXO,1
data/raw/captcha_20260525_015809_000639.jpg,OLGZ,OLGZ,1
data/raw/captcha_20260525_015810_000640.jpg,vnoe,vnoe,1
data/raw/captcha_20260525_015811_000641.jpg,VJTK,VJTK,1
data/raw/captcha_20260525_015812_000642.jpg,3TJQ,3TJQ,1
data/raw/captcha_20260525_015813_000643.jpg,CEPT,CEPT,1
data/raw/captcha_20260525_015814_000644.jpg,OXK8,OXK8,1
data/raw/captcha_20260525_015815_000645.jpg,3311,3311,1
data/raw/captcha_20260525_015816_000646.jpg,,２ＪＮＯ,0
data/raw/captcha_20260525_015817_000647.jpg,osfl,osfl,1
data/raw/captcha_20260525_015818_000648.jpg,npcx,npcx,1
data/raw/captcha_20260525_015819_000649.jpg,16u2,16u2,1
data/raw/captcha_20260525_015820_000650.jpg,900l,900l,1
data/raw/captcha_20260525_015821_000651.jpg,8BVU,8BVU,1
data/raw/captcha_20260525_015822_000652.jpg,916P,916P,1
data/raw/captcha_20260525_015823_000653.jpg,FT3G,FT3G,1
data/raw/captcha_20260525_015824_000654.jpg,JL1L,JL1L,1
data/raw/captcha_20260525_015825_000655.jpg,1791,1791,1
data/raw/captcha_20260525_015826_000656.jpg,EHBX,EHBX,1
data/raw/captcha_20260525_015827_000657.jpg,5kct,5kct,1
data/raw/captcha_20260525_015828_000658.jpg,akvi,akvi,1
data/raw/captcha_20260525_015829_000659.jpg,9efd,9efd,1
data/raw/captcha_20260525_015830_000660.jpg,6llm,6llm,1
data/raw/captcha_20260525_015831_000661.jpg,pi45,pi45,1
data/raw/captcha_20260525_015832_000662.jpg,A4SY,A4SY,1
data/raw/captcha_20260525_015833_000663.jpg,75pr,75pr,1
data/raw/captcha_20260525_015834_000664.jpg,IB55,IB55,1
data/raw/captcha_20260525_015835_000665.jpg,XM9W,XM9W,1
data/raw/captcha_20260525_015836_000666.jpg,L1pa,L1pa,1
data/raw/captcha_20260525_015837_000667.jpg,3lqi,3lqi,1
data/raw/captcha_20260525_015838_000668.jpg,chzw,chzw,1
data/raw/captcha_20260525_015839_000669.jpg,GNQU,GNQU,1
data/raw/captcha_20260525_015840_000670.jpg,9x9m,9x9m,1
data/raw/captcha_20260525_015841_000671.jpg,2um,2um,0
data/raw/captcha_20260525_015842_000672.jpg,8pwu,8pwu,1
data/raw/captcha_20260525_015843_000673.jpg,21YG,21YG,1
data/raw/captcha_20260525_015844_000674.jpg,R6UE,R6UE,1
data/raw/captcha_20260525_015845_000675.jpg,a7es,a7es,1
data/raw/captcha_20260525_015846_000676.jpg,Y12c,Y12c,1
data/raw/captcha_20260525_015847_000677.jpg,w6h4,w6h4,1
data/raw/captcha_20260525_015848_000678.jpg,zeov,zeov,1
data/raw/captcha_20260525_015849_000679.jpg,72QM,72QM,1
data/raw/captcha_20260525_015850_000680.jpg,jsi4,jsi4,1
data/raw/captcha_20260525_015851_000681.jpg,U26C,U26C,1
data/raw/captcha_20260525_015852_000682.jpg,LMAH,LMAH,1
data/raw/captcha_20260525_015853_000683.jpg,60AU,60AU,1
data/raw/captcha_20260525_015854_000684.jpg,RZK7,RZK7,1
data/raw/captcha_20260525_015855_000685.jpg,01au,01au,1
data/raw/captcha_20260525_015856_000686.jpg,77xt,77xt,1
data/raw/captcha_20260525_015857_000687.jpg,WS7Q,WS7Q,1
data/raw/captcha_20260525_015858_000688.jpg,101k,101k,1
data/raw/captcha_20260525_015859_000689.jpg,wekl,wekl,1
data/raw/captcha_20260525_015900_000690.jpg,N2SN,N2SN,1
data/raw/captcha_20260525_015901_000691.jpg,7xwb,7xwb,1
data/raw/captcha_20260525_015902_000692.jpg,M7D9,M7D9,1
data/raw/captcha_20260525_015903_000693.jpg,Q283,Q283,1
data/raw/captcha_20260525_015904_000694.jpg,s3lv,s3lv,1
data/raw/captcha_20260525_015905_000695.jpg,PGAX,PGAX,1
data/raw/captcha_20260525_015906_000696.jpg,UQJF,UQJF,1
data/raw/captcha_20260525_015907_000697.jpg,DJOY,DJOY,1
data/raw/captcha_20260525_015908_000698.jpg,viin,viin,1
data/raw/captcha_20260525_015909_000699.jpg,P184,P184,1
data/raw/captcha_20260525_015910_000700.jpg,tixo,tixo,1
data/raw/captcha_20260525_015911_000701.jpg,yec2,yec2,1
data/raw/captcha_20260525_015912_000702.jpg,0J50,0J50,1
data/raw/captcha_20260525_015913_000703.jpg,7zxj,7zxj,1
data/raw/captcha_20260525_015914_000704.jpg,BDK8,BDK8,1
data/raw/captcha_20260525_015915_000705.jpg,BKWV,BKWV,1
data/raw/captcha_20260525_015916_000706.jpg,16ta,16ta,1
data/raw/captcha_20260525_015917_000707.jpg,7gpu,7gpu,1
data/raw/captcha_20260525_015918_000708.jpg,QCS0,QCS0,1
data/raw/captcha_20260525_015919_000709.jpg,7VFZ,7VFZ,1
data/raw/captcha_20260525_015920_000710.jpg,DHGP,DHGP,1
data/raw/captcha_20260525_015921_000711.jpg,P524,P524,1
data/raw/captcha_20260525_015922_000712.jpg,25F0,25F0,1
data/raw/captcha_20260525_015923_000713.jpg,Rtyt,Rtyt,1
data/raw/captcha_20260525_015924_000714.jpg,JA1W,JA1W,1
data/raw/captcha_20260525_015925_000715.jpg,R58X,R58X,1
data/raw/captcha_20260525_015926_000716.jpg,JG31,JG31,1
data/raw/captcha_20260525_015927_000717.jpg,7z4q,7z4q,1
data/raw/captcha_20260525_015928_000718.jpg,BD1J,BD1J,1
data/raw/captcha_20260525_015929_000719.jpg,DDAS,DDAS,1
data/raw/captcha_20260525_015930_000720.jpg,T4FW,T4FW,1
data/raw/captcha_20260525_015931_000721.jpg,71UM,71UM,1
data/raw/captcha_20260525_015932_000722.jpg,16A8,16A8,1
data/raw/captcha_20260525_015933_000723.jpg,1ccy,1ccy,1
data/raw/captcha_20260525_015934_000724.jpg,98q4,98q4,1
data/raw/captcha_20260525_015935_000725.jpg,wnqi,wnqi,1
data/raw/captcha_20260525_015936_000726.jpg,XI5P,XI5P,1
data/raw/captcha_20260525_015937_000727.jpg,0J56,0J56,1
data/raw/captcha_20260525_015938_000728.jpg,K5P0,K5P0,1
data/raw/captcha_20260525_015939_000729.jpg,7YVA,7YVA,1
data/raw/captcha_20260525_015940_000730.jpg,QE50,QE50,1
data/raw/captcha_20260525_015941_000731.jpg,h3dc,h3dc,1
data/raw/captcha_20260525_015942_000732.jpg,4c7m,4c7m,1
data/raw/captcha_20260525_015943_000733.jpg,R6QB,R6QB,1
data/raw/captcha_20260525_015944_000734.jpg,WVQO,WVQO,1
data/raw/captcha_20260525_015945_000735.jpg,JLGU,JLGU,1
data/raw/captcha_20260525_015946_000736.jpg,674E,674E,1
data/raw/captcha_20260525_015947_000737.jpg,T1MT,T1MT,1
data/raw/captcha_20260525_015948_000738.jpg,P8ZB,P8ZB,1
data/raw/captcha_20260525_015949_000739.jpg,4hid,4hid,1
data/raw/captcha_20260525_015950_000740.jpg,5q56,5q56,1
data/raw/captcha_20260525_015951_000741.jpg,TOMO,TOMO,1
data/raw/captcha_20260525_015952_000742.jpg,9w41,9w41,1
data/raw/captcha_20260525_015953_000743.jpg,ybhd,ybhd,1
data/raw/captcha_20260525_015954_000744.jpg,VAPD,VAPD,1
data/raw/captcha_20260525_015955_000745.jpg,1pdl,1pdl,1
data/raw/captcha_20260525_015956_000746.jpg,1rc2,1rc2,1
data/raw/captcha_20260525_015957_000747.jpg,EU8Y,EU8Y,1
data/raw/captcha_20260525_015958_000748.jpg,F5AG,F5AG,1
data/raw/captcha_20260525_015959_000749.jpg,2khz,2khz,1
data/raw/captcha_20260525_020000_000750.jpg,OKJK,OKJK,1
data/raw/captcha_20260525_020001_000751.jpg,180t,180t,1
data/raw/captcha_20260525_020002_000752.jpg,2pyw,2pyw,1
data/raw/captcha_20260525_020003_000753.jpg,5woe,5woe,1
data/raw/captcha_20260525_020004_000754.jpg,3np9,3np9,1
data/raw/captcha_20260525_020005_000755.jpg,8P9S,8P9S,1
data/raw/captcha_20260525_020006_000756.jpg,pv8f,pv8f,1
data/raw/captcha_20260525_020007_000757.jpg,uomn,uomn,1
data/raw/captcha_20260525_020008_000758.jpg,ylln,ylln,1
data/raw/captcha_20260525_020009_000759.jpg,FJ18,FJ18,1
data/raw/captcha_20260525_020010_000760.jpg,vqot,vqot,1
data/raw/captcha_20260525_020011_000761.jpg,56SD,56SD,1
data/raw/captcha_20260525_020012_000762.jpg,JU94,JU94,1
data/raw/captcha_20260525_020013_000763.jpg,65VI,65VI,1
data/raw/captcha_20260525_020014_000764.jpg,03ye,03ye,1
data/raw/captcha_20260525_020015_000765.jpg,qu3e,qu3e,1
data/raw/captcha_20260525_020016_000766.jpg,L3NO,L3NO,1
data/raw/captcha_20260525_020017_000767.jpg,8zk2,8zk2,1
data/raw/captcha_20260525_020018_000768.jpg,544s,544s,1
data/raw/captcha_20260525_020019_000769.jpg,B65V,B65V,1
data/raw/captcha_20260525_020020_000770.jpg,qtos,qtos,1
data/raw/captcha_20260525_020021_000771.jpg,TSEG,TSEG,1
data/raw/captcha_20260525_020022_000772.jpg,,ＯＩⅩⅤ,0
data/raw/captcha_20260525_020023_000773.jpg,lv43,lv43,1
data/raw/captcha_20260525_020024_000774.jpg,coqr,coqr,1
data/raw/captcha_20260525_020025_000775.jpg,A1XJ,A1XJ,1
data/raw/captcha_20260525_020026_000776.jpg,WD7E,WD7E,1
data/raw/captcha_20260525_020027_000777.jpg,0QI7,0QI7,1
data/raw/captcha_20260525_020028_000778.jpg,K3XN,K3XN,1
data/raw/captcha_20260525_020029_000779.jpg,38ct,38ct,1
data/raw/captcha_20260525_020030_000780.jpg,KQ4H,KQ4H,1
data/raw/captcha_20260525_020031_000781.jpg,UD7W,UD7W,1
data/raw/captcha_20260525_020032_000782.jpg,UVFK,UVFK,1
data/raw/captcha_20260525_020033_000783.jpg,6x75,6x75,1
data/raw/captcha_20260525_020034_000784.jpg,BNPA,BNPA,1
data/raw/captcha_20260525_020035_000785.jpg,iaod,iaod,1
data/raw/captcha_20260525_020036_000786.jpg,D2BY,D2BY,1
data/raw/captcha_20260525_020037_000787.jpg,EHG2,EHG2,1
data/raw/captcha_20260525_020038_000788.jpg,1tac,1tac,1
data/raw/captcha_20260525_020039_000789.jpg,ORN8,ORN8,1
data/raw/captcha_20260525_020040_000790.jpg,7ymw,7ymw,1
data/raw/captcha_20260525_020041_000791.jpg,A3GM,A3GM,1
data/raw/captcha_20260525_020042_000792.jpg,46kv,46kv,1
data/raw/captcha_20260525_020043_000793.jpg,7G0X,7G0X,1
data/raw/captcha_20260525_020044_000794.jpg,AH64,AH64,1
data/raw/captcha_20260525_020045_000795.jpg,ousc,ousc,1
data/raw/captcha_20260525_020046_000796.jpg,EWRN,EWRN,1
data/raw/captcha_20260525_020047_000797.jpg,KDOB,KDOB,1
data/raw/captcha_20260525_020048_000798.jpg,0L20,0L20,1
data/raw/captcha_20260525_020049_000799.jpg,HUDP,HUDP,1
data/raw/captcha_20260525_020050_000800.jpg,C53K,C53K,1
data/raw/captcha_20260525_020051_000801.jpg,QMTI,QMTI,1
data/raw/captcha_20260525_020052_000802.jpg,73A2,73A2,1
data/raw/captcha_20260525_020053_000803.jpg,oymw,oy mw,1
data/raw/captcha_20260525_020054_000804.jpg,S5YZ,S5YZ,1
data/raw/captcha_20260525_020055_000805.jpg,PGKD,PGKD,1
data/raw/captcha_20260525_020056_000806.jpg,vuqs,vuqs,1
data/raw/captcha_20260525_020057_000807.jpg,R5T1,R5T1,1
data/raw/captcha_20260525_020058_000808.jpg,25zc,25zc,1
data/raw/captcha_20260525_020059_000809.jpg,Fayl,Fayl,1
data/raw/captcha_20260525_020100_000810.jpg,YN11,YN11,1
data/raw/captcha_20260525_020101_000811.jpg,U077,U077,1
data/raw/captcha_20260525_020102_000812.jpg,xyt1,xyt1,1
data/raw/captcha_20260525_020103_000813.jpg,c90t,c90t,1
data/raw/captcha_20260525_020104_000814.jpg,wu3,wu3,0
data/raw/captcha_20260525_020105_000815.jpg,kmhr,kmhr,1
data/raw/captcha_20260525_020106_000816.jpg,5vfz,5vfz,1
data/raw/captcha_20260525_020107_000817.jpg,DYW8,DYW8,1
data/raw/captcha_20260525_020108_000818.jpg,7736,7736,1
data/raw/captcha_20260525_020109_000819.jpg,KHLK,KHLK,1
data/raw/captcha_20260525_020110_000820.jpg,3jkf,3jkf,1
data/raw/captcha_20260525_020111_000821.jpg,6tkw,6tkw,1
data/raw/captcha_20260525_020112_000822.jpg,TJ41,TJ41,1
data/raw/captcha_20260525_020113_000823.jpg,,ＪＮ８７,0
data/raw/captcha_20260525_020114_000824.jpg,,ＮＮ７０,0
data/raw/captcha_20260525_020115_000825.jpg,,ＪＷ４４,0
data/raw/captcha_20260525_020116_000826.jpg,PPS5,PPS5,1
data/raw/captcha_20260525_020117_000827.jpg,LHJ8,LHJ8,1
data/raw/captcha_20260525_020118_000828.jpg,9AB2,9AB2,1
data/raw/captcha_20260525_020119_000829.jpg,,ＣＥ０２,0
data/raw/captcha_20260525_020120_000830.jpg,3QKT,3QKT,1
data/raw/captcha_20260525_020121_000831.jpg,OEN7,OEN7,1
data/raw/captcha_20260525_020122_000832.jpg,c027,c027,1
data/raw/captcha_20260525_020123_000833.jpg,L473,L473,1
data/raw/captcha_20260525_020124_000834.jpg,296,2ⅹ96,0
data/raw/captcha_20260525_020125_000835.jpg,ti65,ti65,1
data/raw/captcha_20260525_020126_000836.jpg,OJS5,OJS5,1
data/raw/captcha_20260525_020127_000837.jpg,8C10,8C10,1
data/raw/captcha_20260525_020128_000838.jpg,HJF5,HJF5,1
data/raw/captcha_20260525_020129_000839.jpg,HSHE,HSHE,1
data/raw/captcha_20260525_020130_000840.jpg,0G6L,0G6L,1
data/raw/captcha_20260525_020131_000841.jpg,0WD4,0WD4,1
data/raw/captcha_20260525_020132_000842.jpg,89RB,89RB,1
data/raw/captcha_20260525_020133_000843.jpg,71ug,71ug,1
data/raw/captcha_20260525_020134_000844.jpg,4jdb,4jdb,1
data/raw/captcha_20260525_020135_000845.jpg,F5BO,F5BO,1
data/raw/captcha_20260525_020136_000846.jpg,PSD2,PSD2,1
data/raw/captcha_20260525_020137_000847.jpg,3778,3778,1
data/raw/captcha_20260525_020138_000848.jpg,USQY,USQY,1
data/raw/captcha_20260525_020139_000849.jpg,GHJB,GHJB,1
data/raw/captcha_20260525_020140_000850.jpg,38pi,38pi,1
data/raw/captcha_20260525_020141_000851.jpg,7D43,7D43,1
data/raw/captcha_20260525_020142_000852.jpg,S8ED,S8ED,1
data/raw/captcha_20260525_020143_000853.jpg,xrrw,xrrw,1
data/raw/captcha_20260525_020144_000854.jpg,HHW,HHW,0
data/raw/captcha_20260525_020145_000855.jpg,9v6e,9v6e,1
data/raw/captcha_20260525_020146_000856.jpg,p016,p016,1
data/raw/captcha_20260525_020147_000857.jpg,9Z71,9Z71,1
data/raw/captcha_20260525_020148_000858.jpg,31d2,31d2,1
data/raw/captcha_20260525_020149_000859.jpg,3qlm,3qlm,1
data/raw/captcha_20260525_020150_000860.jpg,ELMZ,ELMZ,1
data/raw/captcha_20260525_020151_000861.jpg,DCBB,DCBB,1
data/raw/captcha_20260525_020152_000862.jpg,uwow,uwow,1
data/raw/captcha_20260525_020153_000863.jpg,lzqz,lzqz,1
data/raw/captcha_20260525_020154_000864.jpg,QHZ2,QHZ2,1
data/raw/captcha_20260525_020155_000865.jpg,K8SA,K8SA,1
data/raw/captcha_20260525_020156_000866.jpg,J641,J641,1
data/raw/captcha_20260525_020157_000867.jpg,gtmr,gtmr,1
data/raw/captcha_20260525_020158_000868.jpg,439z,439z,1
data/raw/captcha_20260525_020159_000869.jpg,X7LJ,X7LJ,1
data/raw/captcha_20260525_020200_000870.jpg,cm34,cm34,1
data/raw/captcha_20260525_020201_000871.jpg,F806,F806,1
data/raw/captcha_20260525_020202_000872.jpg,yufc,yufc,1
data/raw/captcha_20260525_020203_000873.jpg,68h9,68h9,1
data/raw/captcha_20260525_020204_000874.jpg,cxvo,cxvo,1
data/raw/captcha_20260525_020205_000875.jpg,KS54,KS54,1
data/raw/captcha_20260525_020206_000876.jpg,KL59,KL59,1
data/raw/captcha_20260525_020207_000877.jpg,E4WZ,E4WZ,1
data/raw/captcha_20260525_020208_000878.jpg,6SJA,6SJA,1
data/raw/captcha_20260525_020209_000879.jpg,BD52,BD52,1
data/raw/captcha_20260525_020210_000880.jpg,obud,obud,1
data/raw/captcha_20260525_020211_000881.jpg,J1Y0,J1Y0,1
data/raw/captcha_20260525_020212_000882.jpg,v2pe,v2pe,1
data/raw/captcha_20260525_020213_000883.jpg,MEHU,MEHU,1
data/raw/captcha_20260525_020214_000884.jpg,,ＳＧＦ４,0
data/raw/captcha_20260525_020215_000885.jpg,osxs,osxs,1
data/raw/captcha_20260525_020216_000886.jpg,7043,7043,1
data/raw/captcha_20260525_020217_000887.jpg,26ms,26ms,1
data/raw/captcha_20260525_020218_000888.jpg,H2GW,H2GW,1
data/raw/captcha_20260525_020219_000889.jpg,E5XR,E5XR,1
data/raw/captcha_20260525_020220_000890.jpg,,ＶＤ６２,0
data/raw/captcha_20260525_020221_000891.jpg,Fp02,Fp02,1
data/raw/captcha_20260525_020222_000892.jpg,817a,817a,1
data/raw/captcha_20260525_020223_000893.jpg,3kkm,3kkm,1
data/raw/captcha_20260525_020224_000894.jpg,L570,L570,1
data/raw/captcha_20260525_020225_000895.jpg,vhni,vhni,1
data/raw/captcha_20260525_020226_000896.jpg,YEPO,YEPO,1
data/raw/captcha_20260525_020227_000897.jpg,9QNF,9QNF,1
data/raw/captcha_20260525_020228_000898.jpg,ZvN7,ZvN7,1
data/raw/captcha_20260525_020229_000899.jpg,1B6F,1B6F,1
data/raw/captcha_20260525_020230_000900.jpg,JNNK,JNNK,1
data/raw/captcha_20260525_020231_000901.jpg,3avz,3avz,1
data/raw/captcha_20260525_020232_000902.jpg,4Z4F,4Z4F,1
data/raw/captcha_20260525_020233_000903.jpg,PNEH,PNEH,1
data/raw/captcha_20260525_020234_000904.jpg,072U,072U,1
data/raw/captcha_20260525_020235_000905.jpg,5clf,5clf,1
data/raw/captcha_20260525_020236_000906.jpg,PS9V,PS9V,1
data/raw/captcha_20260525_020237_000907.jpg,sncr,sncr,1
data/raw/captcha_20260525_020238_000908.jpg,Y5R4,Y5R4,1
data/raw/captcha_20260525_020239_000909.jpg,4j4k,4j4k,1
data/raw/captcha_20260525_020240_000910.jpg,V509,V509,1
data/raw/captcha_20260525_020241_000911.jpg,9Z6S,9Z6S,1
data/raw/captcha_20260525_020242_000912.jpg,,Ｈ８ＶＤ,0
data/raw/captcha_20260525_020243_000913.jpg,HUH9,HUH9,1
data/raw/captcha_20260525_020244_000914.jpg,YTAV,YTAV,1
data/raw/captcha_20260525_020245_000915.jpg,GV19,GV19,1
data/raw/captcha_20260525_020246_000916.jpg,61UN,61UN,1
data/raw/captcha_20260525_020247_000917.jpg,1PCJ,1PCJ,1
data/raw/captcha_20260525_020248_000918.jpg,rwsd,rwsd,1
data/raw/captcha_20260525_020249_000919.jpg,YH29,YH29,1
data/raw/captcha_20260525_020250_000920.jpg,MA06,MA06,1
data/raw/captcha_20260525_020251_000921.jpg,7JLW,7JLW,1
data/raw/captcha_20260525_020252_000922.jpg,mw8s,mw8s,1
data/raw/captcha_20260525_020253_000923.jpg,cj3e,cj3e,1
data/raw/captcha_20260525_020254_000924.jpg,MBDU,MBDU,1
data/raw/captcha_20260525_020255_000925.jpg,HZUY,HZUY,1
data/raw/captcha_20260525_020256_000926.jpg,119p,119p,1
data/raw/captcha_20260525_020257_000927.jpg,GK8A,GK8A,1
data/raw/captcha_20260525_020258_000928.jpg,1N6Q,1N6Q,1
data/raw/captcha_20260525_020259_000929.jpg,0BWB,0BWB,1
data/raw/captcha_20260525_020300_000930.jpg,8xol,8xol,1
data/raw/captcha_20260525_020301_000931.jpg,5S90,5S90,1
data/raw/captcha_20260525_020302_000932.jpg,82sj,82sj,1
data/raw/captcha_20260525_020303_000933.jpg,god,god,0
data/raw/captcha_20260525_020304_000934.jpg,PF18,PF18,1
data/raw/captcha_20260525_020305_000935.jpg,arqr,arqr,1
data/raw/captcha_20260525_020306_000936.jpg,PLG6,PLG6,1
data/raw/captcha_20260525_020307_000937.jpg,Y6J5,Y6J5,1
data/raw/captcha_20260525_020308_000938.jpg,z706,z706,1
data/raw/captcha_20260525_020309_000939.jpg,ix9c,ix9c,1
data/raw/captcha_20260525_020310_000940.jpg,MDCH,MDCH,1
data/raw/captcha_20260525_020311_000941.jpg,PA94,PA94,1
data/raw/captcha_20260525_020312_000942.jpg,D9TA,D9TA,1
data/raw/captcha_20260525_020313_000943.jpg,4WBY,4WB Y,1
data/raw/captcha_20260525_020314_000944.jpg,wzmm,wzmm,1
data/raw/captcha_20260525_020315_000945.jpg,cud1,cud1,1
data/raw/captcha_20260525_020316_000946.jpg,r3q3,r3q3,1
data/raw/captcha_20260525_020317_000947.jpg,20p5,20p5,1
data/raw/captcha_20260525_020318_000948.jpg,JXTC,JXTC,1
data/raw/captcha_20260525_020319_000949.jpg,N2RF,N2RF,1
data/raw/captcha_20260525_020320_000950.jpg,T1DE,T1DE,1
data/raw/captcha_20260525_020321_000951.jpg,zsas,zsas,1
data/raw/captcha_20260525_020322_000952.jpg,JCWZ,JCWZ,1
data/raw/captcha_20260525_020323_000953.jpg,KLGY,KLGY,1
data/raw/captcha_20260525_020324_000954.jpg,0ei2,0ei2,1
data/raw/captcha_20260525_020325_000955.jpg,2jls,2jls,1
data/raw/captcha_20260525_020326_000956.jpg,EJT9,EJT9,1
data/raw/captcha_20260525_020327_000957.jpg,lino,lino,1
data/raw/captcha_20260525_020328_000958.jpg,K04P,K04P,1
data/raw/captcha_20260525_020329_000959.jpg,DAEF,DAEF,1
data/raw/captcha_20260525_020330_000960.jpg,hizs,hi zs,1
data/raw/captcha_20260525_020331_000961.jpg,WBLH,WBLH,1
data/raw/captcha_20260525_020332_000962.jpg,EKX5,E KX5,1
data/raw/captcha_20260525_020333_000963.jpg,JU6X,JU6X,1
data/raw/captcha_20260525_020334_000964.jpg,HUN5,HUN5,1
data/raw/captcha_20260525_020335_000965.jpg,qdgh,qdgh,1
data/raw/captcha_20260525_020336_000966.jpg,MV58,MV58,1
data/raw/captcha_20260525_020337_000967.jpg,1,1ＦＭＱ,0
data/raw/captcha_20260525_020338_000968.jpg,w81,w81,0
data/raw/captcha_20260525_020339_000969.jpg,E4RW,E4RW,1
data/raw/captcha_20260525_020340_000970.jpg,GTVI,GTVI,1
data/raw/captcha_20260525_020341_000971.jpg,TMSE,TMSE,1
data/raw/captcha_20260525_020342_000972.jpg,wo01,wo01,1
data/raw/captcha_20260525_020343_000973.jpg,E2F4,E2F4,1
data/raw/captcha_20260525_020344_000974.jpg,KZMC,KZMC,1
data/raw/captcha_20260525_020345_000975.jpg,etiz,etiz,1
data/raw/captcha_20260525_020346_000976.jpg,VAC3,VAC3,1
data/raw/captcha_20260525_020347_000977.jpg,irjk,irjk,1
data/raw/captcha_20260525_020348_000978.jpg,B867,B867,1
data/raw/captcha_20260525_020349_000979.jpg,13k3,13k3,1
data/raw/captcha_20260525_020350_000980.jpg,F9H7,F9H7,1
data/raw/captcha_20260525_020351_000981.jpg,KU90,KU90,1
data/raw/captcha_20260525_020352_000982.jpg,KNM1,KNM1,1
data/raw/captcha_20260525_020353_000983.jpg,itpz,itpz,1
data/raw/captcha_20260525_020354_000984.jpg,yyon,yyon,1
data/raw/captcha_20260525_020355_000985.jpg,VZ5Z,VZ5Z,1
data/raw/captcha_20260525_020356_000986.jpg,31bv,31bv,1
data/raw/captcha_20260525_020357_000987.jpg,23qc,23qc,1
data/raw/captcha_20260525_020358_000988.jpg,ypi2,ypi2,1
data/raw/captcha_20260525_020359_000989.jpg,NUDO,NUDO,1
data/raw/captcha_20260525_020400_000990.jpg,ck17,ck17,1
data/raw/captcha_20260525_020401_000991.jpg,1ugr,1ugr,1
data/raw/captcha_20260525_020402_000992.jpg,AQ6Z,AQ6Z,1
data/raw/captcha_20260525_020403_000993.jpg,,ＭＦ９９,0
data/raw/captcha_20260525_020404_000994.jpg,3rs9,3rs9,1
data/raw/captcha_20260525_020405_000995.jpg,25lh,25lh,1
data/raw/captcha_20260525_020406_000996.jpg,2M03,2M03,1
data/raw/captcha_20260525_020407_000997.jpg,noa8,noa8,1
data/raw/captcha_20260525_020408_000998.jpg,OX1E,OX1E,1
data/raw/captcha_20260525_020409_000999.jpg,QBKQ,QBKQ,1
data/raw/captcha_20260525_020410_001000.jpg,q051,q051,1
data/raw/captcha_20260525_020411_001001.jpg,pilml,pilml,0
data/raw/captcha_20260525_020412_001002.jpg,6c7c,6c7c,1
data/raw/captcha_20260525_020413_001003.jpg,S9WR,S9WR,1
data/raw/captcha_20260525_020414_001004.jpg,4uil,4uil,1
data/raw/captcha_20260525_020415_001005.jpg,wl9,wl9,0
data/raw/captcha_20260525_020416_001006.jpg,ZYCY,ZYCY,1
data/raw/captcha_20260525_020417_001007.jpg,RMF9,RMF9,1
data/raw/captcha_20260525_020418_001008.jpg,9EDP,9EDP,1
data/raw/captcha_20260525_020419_001009.jpg,Folo,Folo,1
data/raw/captcha_20260525_020420_001010.jpg,MXWB,MXWB,1
data/raw/captcha_20260525_020421_001011.jpg,MBPJ,MBPJ,1
data/raw/captcha_20260525_020422_001012.jpg,LBA6,LBA6,1
data/raw/captcha_20260525_020423_001013.jpg,YSEO,YSEO,1
data/raw/captcha_20260525_020424_001014.jpg,09SG,09SG,1
data/raw/captcha_20260525_020425_001015.jpg,0044,0044,1
data/raw/captcha_20260525_020426_001016.jpg,MTWW,MTWW,1
